STATE_UT_NAME,DISTRICT,JAN,FEB,MAR,APR,MAY,JUN,JUL,AUG,SEP,OCT,NOV,DEC,monsoon_total,winter_total,summer_total,annual_total
ANDAMAN And NICOBAR ISLANDS,NICOBAR,107.3,57.9,65.2,117.0,358.5,295.5,285.0,271.9,354.8,326.0,315.2,250.9,1207.2,165.2,540.7,2805.2
ANDAMAN And NICOBAR ISLANDS,SOUTH ANDAMAN,43.7,26.0,18.6,90.5,374.4,457.2,421.3,423.1,455.6,301.2,275.8,128.3,1757.2,69.7,483.5,3015.7
ANDAMAN And NICOBAR ISLANDS,N & M ANDAMAN,32.7,15.9,8.6,53.4,343.6,503.3,465.4,460.9,454.8,276.1,198.6,100.0,1884.4,48.6,405.6,2913.3
ARUNACHAL PRADESH,LOHIT,42.2,80.8,176.4,358.5,306.4,447.0,660.1,427.8,313.6,167.1,34.1,29.8,1848.5,123.0,841.3,3043.8
ARUNACHAL PRADESH,EAST SIANG,33.3,79.5,105.9,216.5,323.0,738.3,990.9,711.2,568.0,206.9,29.5,31.7,3008.4,112.8,645.4,4034.7
ARUNACHAL PRADESH,SUBANSIRI F.D,28.0,48.3,85.3,101.5,140.5,228.4,217.4,182.8,159.8,75.9,20.9,11.6,788.4,76.3,327.3,1300.4
ARUNACHAL PRADESH,TIRAP,42.2,72.7,141.0,316.9,328.7,614.7,851.9,500.6,418.3,218.7,42.9,22.9,2385.5,114.9,786.6,3571.5
ARUNACHAL PRADESH,ANJAW (LOHIT),42.2,80.8,176.4,358.5,306.4,447.0,660.1,427.8,313.6,167.1,34.1,29.8,1848.5,123.0,841.3,3043.8
ARUNACHAL PRADESH,LOWER DIBANG,83.7,153.9,303.5,383.6,268.0,374.2,272.0,160.5,266.7,167.2,64.0,56.0,1073.4,237.6,955.1,2553.3
ARUNACHAL PRADESH,CHANGLANG,70.3,170.9,367.9,554.4,334.2,526.2,460.8,291.5,353.6,275.0,64.9,74.2,1632.1,241.2,1256.5,3543.9
ARUNACHAL PRADESH,PAPUM PARE,33.5,67.8,106.1,226.9,453.0,640.5,609.5,503.4,492.3,214.7,19.2,11.3,2245.7,101.3,786.0,3378.2
ARUNACHAL PRADESH,LOW SUBANSIRI,97.5,109.3,92.4,204.3,266.2,284.1,248.9,270.5,192.7,78.5,49.5,27.2,996.2,206.8,562.9,1921.1
ARUNACHAL PRADESH,UPPER SIANG,74.3,176.7,362.6,397.5,408.7,801.9,653.0,417.9,686.0,264.9,86.9,71.7,2558.8,251.0,1168.8,4402.1
ARUNACHAL PRADESH,WEST SIANG,26.0,66.7,76.8,229.2,239.5,416.6,592.4,312.4,291.1,126.8,33.7,29.5,1612.5,92.7,545.5,2440.7
ARUNACHAL PRADESH,DIBANG VALLEY,83.7,153.9,303.5,383.6,268.0,374.2,272.0,160.5,266.7,167.2,64.0,56.0,1073.4,237.6,955.1,2553.3
ARUNACHAL PRADESH,WEST KAMENG,35.2,43.5,58.9,134.3,341.1,665.3,749.9,579.1,490.9,233.9,40.3,27.0,2485.2,78.7,534.3,3399.4
ARUNACHAL PRADESH,EAST KAMENG,49.0,74.4,96.5,156.9,208.0,345.7,368.5,256.2,275.9,138.2,34.4,27.2,1246.3,123.4,461.4,2030.9
ARUNACHAL PRADESH,TAWANG(W KAME,35.2,43.5,58.9,134.3,341.1,665.3,749.9,579.1,490.9,233.9,40.3,27.0,2485.2,78.7,534.3,3399.4
ARUNACHAL PRADESH,KURUNG KUMEY,82.7,70.0,128.2,245.7,271.4,292.7,404.0,276.3,283.5,92.3,32.3,42.4,1256.5,152.7,645.3,2221.5
ASSAM,CACHAR,13.3,50.2,168.3,262.5,386.4,532.1,526.2,470.8,360.8,182.4,34.8,11.4,1889.9,63.5,817.2,2999.2
ASSAM,DARRANG,13.1,21.4,53.5,168.8,320.0,419.7,345.8,272.1,221.5,95.4,17.2,9.3,1259.1,34.5,542.3,1957.8
ASSAM,GOALPARA,12.7,20.4,51.1,196.6,399.8,567.8,502.8,334.6,304.9,157.7,21.7,5.2,1710.1,33.1,647.5,2575.3
ASSAM,KAMRUP,12.0,20.8,58.6,151.7,293.4,365.5,345.1,248.7,188.4,106.6,15.1,7.5,1147.7,32.8,503.7,1813.4
ASSAM,LAKHIMPUR,27.7,48.6,76.7,165.5,331.9,528.3,605.2,467.6,424.1,140.3,23.0,20.4,2025.2,76.3,574.1,2859.3
ASSAM,NORTH CACHAR,16.7,47.5,158.9,207.9,308.0,328.1,270.3,201.3,189.1,196.4,42.1,11.2,988.8,64.2,674.8,1977.5
ASSAM,NAGAON,12.0,22.5,48.1,128.9,171.3,285.9,326.3,294.1,218.6,120.0,21.6,10.8,1124.9,34.5,348.3,1660.1
ASSAM,SIVASAGAR,20.1,33.2,78.3,126.5,257.1,255.5,374.8,342.3,196.9,96.3,20.3,10.3,1169.5,53.3,461.9,1811.6
ASSAM,BARPETA,10.3,26.9,54.0,175.7,391.5,694.3,757.3,527.3,462.1,142.1,20.4,12.7,2441.0,37.2,621.2,3274.6
ASSAM,DHUBRI,10.3,11.7,46.6,147.5,391.6,603.0,554.7,418.7,340.1,155.1,19.2,4.1,1916.5,22.0,585.7,2702.6
ASSAM,DIBRUGARH,30.6,53.1,119.8,229.9,292.4,401.0,519.4,405.1,325.9,136.9,24.0,18.5,1651.4,83.7,642.1,2556.6
ASSAM,JORHAT,22.2,36.7,80.1,204.6,277.4,288.8,390.7,346.9,272.7,121.7,25.6,15.6,1299.1,58.9,562.1,2083.0
ASSAM,KARIMGANJ,13.2,35.2,169.7,340.4,604.0,645.2,646.0,438.0,418.7,240.4,86.8,13.2,2147.9,48.4,1114.1,3650.8
ASSAM,KOKRAJHAR,10.9,27.9,45.8,216.4,461.1,822.2,864.2,677.1,462.9,159.5,18.1,6.1,2826.4,38.8,723.3,3772.2
ASSAM,SHONITPUR,19.4,23.1,50.0,144.3,284.1,363.1,384.2,337.9,229.2,109.7,20.9,12.6,1314.4,42.5,478.4,1978.5
ASSAM,GOLAGHAT,16.9,29.5,65.2,135.9,245.6,254.2,314.7,271.4,209.3,103.7,19.6,14.7,1049.6,46.4,446.7,1680.7
ASSAM,TINSUKIA,26.6,58.4,131.2,215.9,272.7,388.3,515.3,387.2,327.0,118.7,25.1,18.9,1617.8,85.0,619.8,2485.3
ASSAM,HAILAKANDI,7.3,42.0,123.8,239.0,416.2,470.4,426.8,406.9,317.0,150.6,36.5,9.1,1621.1,49.3,779.0,2645.6
ASSAM,DHEMAJI(LAKHI,27.7,48.6,76.7,165.5,331.9,528.3,605.2,467.6,424.1,140.3,23.0,20.4,2025.2,76.3,574.1,2859.3
ASSAM,KARBI ANGLONG,12.8,24.1,53.8,106.3,139.4,224.9,238.7,220.5,182.9,100.1,26.3,11.2,867.0,36.9,299.5,1341.0
ASSAM,UDALGURI(DARA,13.1,21.4,53.5,168.8,320.0,419.7,345.8,272.1,221.5,95.4,17.2,9.3,1259.1,34.5,542.3,1957.8
ASSAM,KAMRUP METROP,12.0,20.8,58.6,151.7,293.4,365.5,345.1,248.7,188.4,106.6,15.1,7.5,1147.7,32.8,503.7,1813.4
ASSAM,CHIRANG(BONGAI,10.0,31.2,57.5,183.4,442.0,626.3,776.6,486.8,406.4,168.2,18.7,11.6,2296.1,41.2,682.9,3218.7
ASSAM,BAKSA BARPETA,10.3,26.9,54.0,175.7,391.5,694.3,757.3,527.3,462.1,142.1,20.4,12.7,2441.0,37.2,621.2,3274.6
ASSAM,BONGAIGAON,10.0,31.2,57.5,183.4,442.0,626.3,776.6,486.8,406.4,168.2,18.7,11.6,2296.1,41.2,682.9,3218.7
ASSAM,MORIGAON,18.7,24.4,51.6,116.8,169.1,310.1,374.8,309.2,221.4,119.3,19.9,8.2,1215.5,43.1,337.5,1743.5
ASSAM,NALBARI,14.9,18.6,56.7,184.6,380.7,551.2,470.9,322.0,220.2,110.4,21.6,4.8,1564.3,33.5,622.0,2356.6
MEGHALAYA,EAST KHASI HI,15.4,24.1,129.7,312.5,733.7,1476.2,1518.4,1019.4,607.8,277.9,40.3,10.7,4621.8,39.5,1175.9,6166.1
MEGHALAYA,JAINTIA HILLS,33.8,44.1,115.1,282.3,598.8,1316.1,1591.3,933.8,826.3,517.7,110.9,9.7,4667.5,77.9,996.2,6379.9
MEGHALAYA,EAST GARO HIL,5.6,16.0,64.0,244.4,352.2,531.1,465.8,358.9,315.7,154.1,35.8,10.8,1671.5,21.6,660.6,2554.4
MEGHALAYA,RI-BHOI,16.2,15.1,55.8,117.1,273.3,340.5,425.6,400.2,313.2,125.4,25.7,8.8,1479.5,31.3,446.2,2116.9
MEGHALAYA,SOUTH GARO HI,6.8,10.7,48.7,180.9,350.0,492.6,476.4,385.2,327.3,155.7,16.1,9.4,1681.5,17.5,579.6,2459.8
MEGHALAYA,W KHASI HILL,19.7,31.1,61.3,160.5,352.3,651.5,1050.3,607.9,465.3,192.5,32.1,18.5,2775.0,50.8,574.1,3643.0
MEGHALAYA,WEST GARO HIL,6.8,10.7,48.7,180.9,350.0,492.6,476.4,385.2,327.3,155.7,16.1,9.4,1681.5,17.5,579.6,2459.8
MANIPUR,IMPHAL EAST,13.5,34.3,84.5,145.5,208.9,370.7,324.0,280.4,189.1,144.0,36.1,8.2,1164.2,47.8,438.9,1839.2
MANIPUR,SENAPATI,13.3,29.9,47.5,124.7,198.4,368.2,366.1,326.6,220.1,156.0,57.0,14.8,1281.0,43.2,370.6,1922.6
MANIPUR,TAMENGLONG,48.5,229.6,224.5,431.5,539.9,1158.7,1820.9,1522.1,726.3,376.1,144.0,7.2,5228.0,278.1,1195.9,7229.3
MANIPUR,CHANDEL,8.5,27.9,36.3,77.9,179.0,609.9,540.3,490.9,366.0,254.9,48.3,7.6,2007.1,36.4,293.2,2647.5
MANIPUR,UKHRUL,14.5,36.1,56.9,76.6,122.2,348.3,296.8,243.3,169.1,122.7,49.4,13.1,1057.5,50.6,255.7,1549.0
MANIPUR,THOUBAL,15.3,26.2,43.1,96.2,140.1,333.0,181.7,212.1,106.8,94.6,27.9,9.3,833.6,41.5,279.4,1286.3
MANIPUR,BISHNUPUR,54.5,50.0,112.4,108.1,159.3,435.6,310.4,368.9,219.4,237.0,56.9,15.0,1334.3,104.5,379.8,2127.5
MANIPUR,IMPHAL WEST,22.3,31.0,63.8,109.1,134.6,337.3,234.7,239.3,160.5,144.5,34.3,19.5,971.8,53.3,307.5,1530.9
MANIPUR,CHURACHANDPUR,13.0,31.1,72.7,187.3,238.0,422.1,407.6,382.6,348.3,173.2,50.1,11.4,1560.6,44.1,498.0,2337.4
MIZORAM,AIZAWL,13.8,31.2,107.9,185.8,351.4,467.7,448.7,480.7,390.9,254.5,65.3,16.5,1788.0,45.0,645.1,2814.4
MIZORAM,CHAMPHAI,13.4,21.8,83.0,122.7,261.5,350.5,369.3,336.6,296.1,226.7,64.5,22.5,1352.5,35.2,467.2,2168.6
MIZORAM,KOLASIB,13.4,40.0,131.6,183.5,316.4,437.6,431.9,453.2,369.8,219.8,49.9,12.9,1692.5,53.4,631.5,2660.0
MIZORAM,LUNGLEI,5.5,21.8,88.0,119.3,310.3,459.4,514.6,481.7,410.6,245.4,65.9,8.6,1866.3,27.3,517.6,2731.1
MIZORAM,CHHIMTUIPUI,13.8,31.2,107.9,185.8,351.4,467.7,448.7,480.7,390.9,254.5,65.3,16.5,1788.0,45.0,645.1,2814.4
MIZORAM,LAWNGTLAI,8.3,27.5,66.7,122.9,319.8,437.2,493.9,408.8,365.8,231.5,66.0,9.2,1705.7,35.8,509.4,2557.6
MIZORAM,MAMIT,13.8,31.2,107.9,185.8,351.4,467.7,448.7,480.7,390.9,254.5,65.3,16.5,1788.0,45.0,645.1,2814.4
MIZORAM,SAIHA,6.7,31.0,69.7,116.7,335.4,384.8,437.9,412.2,387.7,214.2,67.9,16.4,1622.6,37.7,521.8,2480.6
MIZORAM,SERCHHIP,15.4,33.8,103.6,150.9,294.3,395.9,477.1,430.7,346.7,167.3,71.6,18.5,1650.4,49.2,548.8,2505.8
NAGALAND,KOHIMA,12.3,28.8,55.8,89.8,162.0,308.2,365.4,376.1,258.3,130.2,31.8,6.1,1308.0,41.1,307.6,1824.8
NAGALAND,TUENSANG,23.7,26.8,65.7,177.2,225.7,350.3,441.8,352.2,241.8,122.5,41.6,10.7,1386.1,50.5,468.6,2080.0
NAGALAND,MOKOKCHUNG,23.4,31.1,60.9,138.3,287.1,525.5,525.1,394.2,231.3,137.3,43.1,12.5,1676.1,54.5,486.3,2409.8
NAGALAND,DIMAPUR,14.7,4.1,57.2,77.8,151.8,204.8,187.7,272.0,150.8,125.0,43.7,16.3,815.3,18.8,286.8,1305.9
NAGALAND,WOKHA,20.4,42.1,96.7,144.3,325.6,416.3,495.6,478.9,277.9,127.7,55.7,16.5,1668.7,62.5,566.6,2497.7
NAGALAND,MON,13.1,33.5,48.2,137.9,193.9,271.1,273.6,177.4,101.8,62.1,19.8,7.5,823.9,46.6,380.0,1339.9
NAGALAND,ZUNHEBOTO,23.7,26.8,65.7,177.2,225.7,350.3,441.8,352.2,241.8,122.5,41.6,10.7,1386.1,50.5,468.6,2080.0
NAGALAND,PHEK,12.3,28.8,55.8,89.8,162.0,308.2,365.4,376.1,258.3,130.2,31.8,6.1,1308.0,41.1,307.6,1824.8
NAGALAND,KEPHRIE,23.7,26.8,65.7,177.2,225.7,350.3,441.8,352.2,241.8,122.5,41.6,10.7,1386.1,50.5,468.6,2080.0
NAGALAND,LONGLENG,23.7,26.8,65.7,177.2,225.7,350.3,441.8,352.2,241.8,122.5,41.6,10.7,1386.1,50.5,468.6,2080.0
NAGALAND,PEREN,12.3,28.8,55.8,89.8,162.0,308.2,365.4,376.1,258.3,130.2,31.8,6.1,1308.0,41.1,307.6,1824.8
TRIPURA,NORTH TRIPURA,13.6,37.2,118.4,272.8,440.1,477.5,402.7,367.7,279.8,173.8,45.1,13.1,1527.7,50.8,831.3,2641.8
TRIPURA,SOUTH TRIPURA,8.1,30.6,78.5,169.7,335.0,474.9,497.4,396.8,255.1,175.1,44.5,9.7,1624.2,38.7,583.2,2475.4
TRIPURA,WEST TRIPURA,9.6,27.9,72.1,194.2,359.9,426.6,395.9,323.2,250.6,174.9,41.5,10.3,1396.3,37.5,626.2,2286.7
TRIPURA,DHALAI,13.6,38.9,105.5,246.3,431.3,482.7,363.9,338.2,255.9,182.8,42.1,11.4,1440.7,52.5,783.1,2512.6
WEST BENGAL,COOCH BEHAR,8.9,16.0,32.2,138.9,345.4,668.8,864.9,733.0,470.9,141.3,15.1,8.3,2737.6,24.9,516.5,3443.7
WEST BENGAL,DARJEELING,48.3,33.8,57.7,130.5,262.3,534.7,756.9,645.9,502.8,118.9,16.8,9.9,2440.3,82.1,450.5,3118.5
WEST BENGAL,JALPAIGURI,9.2,17.8,39.7,119.3,339.3,667.3,931.4,670.9,488.3,159.9,18.0,7.2,2757.9,27.0,498.3,3468.3
WEST BENGAL,MALDA,13.6,10.5,14.5,34.8,106.2,216.6,332.9,284.8,283.0,102.5,13.2,6.8,1117.3,24.1,155.5,1419.4
WEST BENGAL,SOUTH DINAJPUR,8.9,13.3,19.0,58.9,167.8,289.3,368.9,248.0,279.7,112.5,13.0,5.6,1185.9,22.2,245.7,1584.9
WEST BENGAL,NORTH DINAJPUR,21.5,2.0,8.0,35.7,162.9,316.0,367.0,307.7,403.8,90.7,9.1,3.2,1394.5,23.5,206.6,1727.6
SIKKIM,NORTH SIKKIM,61.6,98.5,199.5,238.3,355.4,503.0,489.4,428.2,389.7,265.0,43.5,22.4,1810.3,160.1,793.2,3094.5
SIKKIM,EAST SIKKIM,33.5,56.1,61.7,175.5,291.7,464.6,509.0,441.0,356.6,154.7,18.4,19.4,1771.2,89.6,528.9,2582.2
SIKKIM,WEST SIKKIM,61.6,98.5,199.5,238.3,355.4,503.0,489.4,428.2,389.7,265.0,43.5,22.4,1810.3,160.1,793.2,3094.5
SIKKIM,SOUTH SIKKIM,33.5,56.1,61.7,175.5,291.7,464.6,509.0,441.0,356.6,154.7,18.4,19.4,1771.2,89.6,528.9,2582.2
WEST BENGAL,BANKURA,12.0,18.0,22.0,36.3,66.9,215.0,303.2,290.7,242.3,105.2,9.8,9.5,1051.2,30.0,125.2,1330.9
WEST BENGAL,BIRBHUM,13.4,16.1,21.2,30.9,78.7,222.3,313.9,298.8,271.0,105.1,15.8,5.6,1106.0,29.5,130.8,1392.8
WEST BENGAL,BURDWAN,10.7,22.2,19.8,37.8,78.8,198.2,294.1,285.3,251.1,99.8,11.4,6.0,1028.7,32.9,136.4,1315.2
WEST BENGAL,HOOGHLY,11.9,26.6,28.2,50.6,108.5,243.4,316.1,265.1,243.3,102.1,16.0,6.9,1067.9,38.5,187.3,1418.7
WEST BENGAL,HOWRAH,12.2,24.9,32.0,52.6,126.4,233.2,343.2,329.4,305.6,99.1,31.3,10.1,1211.4,37.1,211.0,1600.0
WEST BENGAL,PURULIA,14.3,20.7,24.6,36.1,57.3,222.1,298.7,307.0,266.7,91.5,16.7,7.6,1094.5,35.0,118.0,1363.3
WEST BENGAL,MURSHIDABAD,16.8,11.2,19.0,34.0,87.0,237.6,328.6,256.9,256.2,126.3,11.0,6.5,1079.3,28.0,140.0,1391.1
WEST BENGAL,NADIA,12.2,17.6,21.1,42.1,95.2,234.1,270.8,236.0,214.1,100.2,10.4,7.8,955.0,29.8,158.4,1261.6
WEST BENGAL,NORTH 24 PARG,15.6,17.8,30.3,51.5,113.4,271.9,317.2,304.3,279.4,130.9,21.8,5.7,1172.8,33.4,195.2,1559.8
WEST BENGAL,SOUTH 24 PARG,13.6,26.7,37.9,41.7,125.1,316.0,463.6,416.2,356.8,218.4,62.3,9.7,1552.6,40.3,204.7,2088.0
WEST BENGAL,EAST MIDNAPOR,15.9,18.6,31.8,34.7,108.1,253.5,284.9,338.7,343.2,196.9,34.0,9.3,1220.3,34.5,174.6,1669.6
WEST BENGAL,WEST MIDNAPOR,12.2,24.1,39.0,56.8,107.6,243.8,329.5,316.0,276.8,106.5,17.9,5.3,1166.1,36.3,203.4,1535.5
WEST BENGAL,KOLKATA,14.4,24.7,33.5,53.1,113.4,278.3,361.0,335.2,306.6,155.3,24.8,8.9,1281.1,39.1,200.0,1709.2
ORISSA,BALASORE,11.9,36.0,38.4,59.2,120.9,259.1,287.2,334.4,296.4,190.1,38.8,6.6,1177.1,47.9,218.5,1679.0
ORISSA,BOLANGIR,11.1,15.9,20.1,22.7,37.5,200.5,386.2,366.9,220.5,69.5,13.6,6.3,1174.1,27.0,80.3,1370.8
ORISSA,KANDHAMAL/PHU,12.7,26.2,29.8,36.2,68.2,199.7,319.2,373.2,230.2,114.6,34.2,4.1,1122.3,38.9,134.2,1448.3
ORISSA,CUTTACK,14.7,26.9,28.9,43.2,74.3,227.2,338.0,352.3,245.0,124.5,40.2,4.5,1162.5,41.6,146.4,1519.7
ORISSA,DHENKANAL,7.3,20.8,31.3,38.4,71.2,226.1,315.8,369.1,233.4,125.5,25.5,4.6,1144.4,28.1,140.9,1469.0
ORISSA,GANJAM,13.3,22.7,30.3,41.5,85.3,158.8,219.2,245.0,210.4,198.4,70.8,8.8,833.4,36.0,157.1,1304.5
ORISSA,KALAHANDI,4.8,15.0,15.3,25.6,44.2,237.5,368.5,371.8,229.8,72.3,13.4,4.8,1207.6,19.8,85.1,1403.0
ORISSA,KEONDJHARGARH,16.2,31.8,37.0,50.2,101.2,232.9,277.7,320.2,225.7,113.6,24.5,5.7,1056.5,48.0,188.4,1436.7
ORISSA,KORAPUT,5.2,12.3,16.3,53.2,89.4,200.8,384.1,410.5,267.4,147.6,31.9,3.8,1262.8,17.5,158.9,1622.5
ORISSA,MAYURBHANJ,11.2,25.4,47.9,61.4,110.2,279.7,323.9,373.8,278.5,119.1,23.6,6.0,1255.9,36.6,219.5,1660.7
ORISSA,PURI,16.1,25.8,18.9,17.6,65.3,168.9,268.5,328.4,255.7,185.3,56.3,9.4,1021.5,41.9,101.8,1416.2
ORISSA,SAMBALPUR,12.1,19.9,20.1,15.6,32.4,226.6,418.3,464.6,251.6,58.2,9.0,5.1,1361.1,32.0,68.1,1533.5
ORISSA,SUNDARGARH,19.3,16.3,18.0,14.4,39.6,216.9,368.3,373.2,217.5,50.4,8.8,5.1,1175.9,35.6,72.0,1347.8
ORISSA,BHADRAK,9.9,34.1,37.6,53.1,103.9,218.4,269.8,354.0,227.7,159.5,35.3,4.1,1069.9,44.0,194.6,1507.4
ORISSA,JAJPUR,10.6,28.4,33.5,48.0,91.9,250.0,283.5,363.2,258.1,134.6,33.6,5.9,1154.8,39.0,173.4,1541.3
ORISSA,KENDRAPARA,8.4,32.6,37.2,27.8,90.5,205.8,257.4,362.6,262.7,179.9,70.2,5.5,1088.5,41.0,155.5,1540.6
ORISSA,ANGUL,6.9,19.1,25.1,29.7,55.4,205.8,320.2,355.4,228.0,98.1,14.7,3.6,1109.4,26.0,110.2,1362.0
ORISSA,NAWAPARA,12.5,11.8,16.9,24.0,33.9,182.9,347.3,302.1,184.9,60.7,14.8,5.6,1017.2,24.3,74.8,1197.4
ORISSA,MALKANGIRI,1.8,5.5,10.4,35.3,61.6,206.9,437.3,449.2,230.7,116.3,16.9,0.8,1324.1,7.3,107.3,1572.7
ORISSA,NAWARANGPUR,5.9,12.6,14.4,53.9,104.1,241.6,430.9,432.1,242.7,102.6,19.0,0.7,1347.3,18.5,172.4,1660.5
ORISSA,NAYAGARH,13.6,22.5,26.2,42.0,47.7,213.4,312.2,327.4,242.2,152.2,47.9,2.8,1095.2,36.1,115.9,1450.1
ORISSA,KHURDA,10.1,25.9,26.9,30.9,68.0,186.4,310.8,339.3,251.5,167.7,45.5,6.5,1088.0,36.0,125.8,1469.5
ORISSA,BARGARH,8.7,14.9,18.1,14.8,19.5,188.4,362.1,357.4,217.9,51.2,6.8,5.1,1125.8,23.6,52.4,1264.9
ORISSA,JHARSUGUDA,16.6,21.2,18.6,18.4,36.6,224.6,402.3,415.8,239.1,63.8,10.1,7.2,1281.8,37.8,73.6,1474.3
ORISSA,DEOGARH,12.1,19.9,20.1,15.6,32.4,226.6,418.3,464.6,251.6,58.2,9.0,5.1,1361.1,32.0,68.1,1533.5
ORISSA,RAYAGADA,12.4,23.1,38.5,56.0,94.0,173.2,314.6,266.5,206.2,109.4,29.0,4.0,960.5,35.5,188.5,1326.9
ORISSA,GAJAPATI,9.5,35.0,64.2,79.1,136.8,201.7,241.0,261.1,226.5,141.8,60.2,5.2,930.3,44.5,280.1,1462.1
ORISSA,JAGATSINGHAPU,10.7,29.0,35.3,41.3,107.1,237.2,287.3,360.6,235.7,145.1,67.5,8.2,1120.8,39.7,183.7,1565.0
ORISSA,BOUDHGARH,12.7,26.2,29.8,36.2,68.2,199.7,319.2,373.2,230.2,114.6,34.2,4.1,1122.3,38.9,134.2,1448.3
ORISSA,SONEPUR,6.0,14.3,18.5,14.3,30.4,178.2,380.4,432.5,252.3,56.9,6.7,4.9,1243.4,20.3,63.2,1395.4
JHARKHAND,BOKARO,11.8,13.7,18.3,19.0,38.2,188.6,308.1,300.8,250.7,77.9,14.0,6.4,1048.2,25.5,75.5,1247.5
JHARKHAND,DHANBAD,12.0,17.4,19.5,18.2,49.6,200.9,340.3,310.0,271.1,99.5,10.5,6.2,1122.3,29.4,87.3,1355.2
JHARKHAND,DUMKA,15.4,14.5,17.2,26.1,69.0,203.0,327.2,304.3,262.4,124.5,12.4,5.5,1096.9,29.9,112.3,1381.5
JHARKHAND,HAZARIBAG,14.1,15.3,14.8,11.7,35.5,176.9,317.5,289.6,221.9,81.8,7.9,9.0,1005.9,29.4,62.0,1196.0
JHARKHAND,PALAMU,17.3,12.8,10.8,7.1,15.1,140.3,306.7,298.9,228.6,46.6,5.7,6.0,974.5,30.1,33.0,1095.9
JHARKHAND,RANCHI,21.9,26.8,21.7,23.6,48.3,217.4,357.1,344.1,241.6,78.7,11.9,10.1,1160.2,48.7,93.6,1403.2
JHARKHAND,SAHIBGANJ,13.1,6.1,12.6,22.0,85.2,258.3,399.7,307.6,333.7,99.8,9.9,5.7,1299.3,19.2,119.8,1553.7
JHARKHAND,WEST SINGHBHUM,12.9,21.8,23.1,23.9,56.7,208.0,315.1,342.6,222.7,63.5,9.8,5.5,1088.4,34.7,103.7,1305.6
JHARKHAND,DEOGHAR,13.4,12.1,9.6,13.5,48.0,172.3,293.4,266.9,243.6,76.5,9.5,3.3,976.2,25.5,71.1,1162.1
JHARKHAND,GIRIDIH,11.5,9.9,13.7,18.0,40.6,206.5,342.9,275.8,239.8,80.3,8.0,5.7,1065.0,21.4,72.3,1252.7
JHARKHAND,GODDA,11.5,9.9,10.9,20.7,54.4,170.7,294.5,253.0,225.0,78.7,8.0,7.1,943.2,21.4,86.0,1144.4
JHARKHAND,GUMLA,22.2,20.4,19.1,25.5,47.1,229.0,372.7,343.2,252.1,68.3,13.0,8.7,1197.0,42.6,91.7,1421.3
JHARKHAND,LOHARDAGA,14.1,20.9,20.7,18.3,38.9,186.5,298.2,289.8,230.5,57.7,13.1,8.4,1005.0,35.0,77.9,1197.1
JHARKHAND,CHATRA,19.4,18.5,11.2,5.8,17.8,157.7,336.5,303.0,234.1,55.7,5.2,7.0,1031.3,37.9,34.8,1171.9
JHARKHAND,KODERMA,21.0,12.1,13.0,10.0,28.5,172.7,270.9,268.0,218.0,86.5,8.2,7.3,929.6,33.1,51.5,1116.2
JHARKHAND,PAKUR,14.6,12.8,15.2,34.2,86.1,228.5,377.5,339.2,341.0,143.7,13.4,6.2,1286.2,27.4,135.5,1612.4
JHARKHAND,EAST SINGHBHU,14.7,18.4,20.7,31.9,63.3,225.5,293.7,312.7,225.7,68.4,12.5,5.2,1057.6,33.1,115.9,1292.7
JHARKHAND,GARHWA,16.0,9.6,10.6,6.8,10.5,120.9,288.1,292.8,226.0,52.6,2.6,5.3,927.8,25.6,27.9,1041.8
JHARKHAND,SERAIKELA-KHA,18.0,21.1,21.8,24.3,51.4,240.7,322.5,321.9,250.4,71.8,10.3,5.4,1135.5,39.1,97.5,1359.6
JHARKHAND,JAMTARA,14.4,20.7,18.5,16.3,66.4,209.4,346.2,342.3,295.9,127.6,12.7,5.6,1193.8,35.1,101.2,1476.0
JHARKHAND,LATEHAR,16.6,18.6,20.4,9.0,22.7,168.6,340.7,288.5,224.0,66.6,7.8,8.0,1021.8,35.2,52.1,1191.5
JHARKHAND,SIMDEGA,19.1,18.9,15.5,23.9,35.0,237.8,459.4,404.7,281.2,58.8,12.6,6.2,1383.1,38.0,74.4,1573.1
JHARKHAND,KHUNTI(RANCHI,22.6,24.4,24.2,17.4,45.4,243.3,379.8,360.5,267.5,71.4,16.9,9.4,1251.1,47.0,87.0,1482.8
JHARKHAND,RAMGARH,12.5,15.0,13.3,20.7,47.3,207.1,323.8,287.4,235.5,68.8,9.2,7.7,1053.8,27.5,81.3,1248.3
BIHAR,BHAGALPUR,17.7,10.5,10.2,23.2,65.5,197.8,291.0,261.0,227.5,88.5,8.6,6.4,977.3,28.2,98.9,1207.9
BIHAR,EAST CHAMPARAN,12.7,9.7,7.8,13.2,49.1,163.5,354.5,297.4,206.2,73.2,4.4,6.0,1021.6,22.4,70.1,1197.7
BIHAR,DARBHANGA,16.0,9.5,12.3,21.3,59.9,156.7,296.5,285.1,186.3,66.7,8.6,4.7,924.6,25.5,93.5,1123.6
BIHAR,GAYA,14.6,10.9,8.7,6.1,18.0,128.2,298.1,271.9,180.5,53.7,7.5,5.7,878.7,25.5,32.8,1003.9
BIHAR,MUNGER,12.9,7.0,10.0,14.3,44.9,165.5,305.7,271.1,231.7,71.4,6.5,5.8,974.0,19.9,69.2,1146.8
BIHAR,MUZAFFARPUR,13.4,8.9,7.3,13.3,54.0,161.0,326.1,291.7,202.3,63.9,7.8,4.8,981.1,22.3,74.6,1154.5
BIHAR,WEST CHAMPARAN,18.6,10.8,12.8,18.3,56.3,229.3,447.0,349.3,249.4,65.9,5.1,9.2,1275.0,29.4,87.4,1472.0
BIHAR,PURNEA,9.1,9.0,12.9,33.7,121.6,244.8,434.2,338.6,295.7,83.4,8.2,7.0,1313.3,18.1,168.2,1598.2
BIHAR,GOPALGANJ,14.9,10.5,7.0,12.5,31.6,155.4,309.8,304.3,220.4,55.9,6.0,7.2,989.9,25.4,51.1,1135.5
BIHAR,MADHUBANI,11.1,9.5,9.3,30.8,79.3,185.2,375.5,307.1,191.7,76.0,5.7,12.1,1059.5,20.6,119.4,1293.3
BIHAR,AURANGABAD,18.1,11.2,7.8,5.7,14.4,122.1,290.0,253.9,193.6,44.3,7.8,6.0,859.6,29.3,27.9,974.9
BIHAR,BEGUSARAI,8.1,8.4,13.2,17.3,48.9,154.3,296.8,255.3,215.2,63.0,4.8,5.4,921.6,16.5,79.4,1090.7
BIHAR,BHOJPUR,12.5,13.4,6.9,10.3,24.9,108.7,334.6,277.6,203.5,45.1,8.6,5.4,924.4,25.9,42.1,1051.5
BIHAR,NALANDA,11.8,9.0,9.1,6.1,27.9,127.6,283.6,263.3,202.3,50.7,5.1,5.7,876.8,20.8,43.1,1002.2
BIHAR,PATNA,13.0,9.4,9.6,8.1,26.4,125.4,333.7,264.5,217.7,55.5,7.3,4.2,941.3,22.4,44.1,1074.8
BIHAR,KATIHAR,12.3,7.4,9.2,24.6,96.0,212.2,358.9,269.8,269.0,74.2,5.0,4.1,1109.9,19.7,129.8,1342.7
BIHAR,KHAGARIA,9.5,4.2,7.7,15.4,46.3,184.0,311.0,297.7,265.0,82.2,7.0,3.9,1057.7,13.7,69.4,1233.9
BIHAR,SARAN,16.3,9.4,8.5,9.3,35.6,133.2,334.1,291.8,214.4,59.2,6.5,5.5,973.5,25.7,53.4,1123.8
BIHAR,MADHEPURA,12.0,9.4,12.3,29.6,84.5,212.8,377.3,304.3,259.1,70.6,13.0,7.8,1153.5,21.4,126.4,1392.7
BIHAR,NAWADA,13.0,9.5,9.6,5.6,34.1,135.2,301.8,276.0,183.6,62.4,6.2,4.8,896.6,22.5,49.3,1041.8
BIHAR,ROHTAS,13.0,12.8,9.1,5.9,13.9,90.0,275.2,278.4,190.9,43.0,12.1,4.8,834.5,25.8,28.9,949.1
BIHAR,SAMASTIPUR,15.0,8.2,10.9,15.2,42.7,176.6,315.1,289.1,244.4,64.4,6.9,3.8,1025.2,23.2,68.8,1192.3
BIHAR,SITAMARHI,9.7,8.5,9.9,25.6,71.5,200.6,396.6,307.5,179.7,71.7,3.9,7.9,1084.4,18.2,107.0,1293.1
BIHAR,SIWAN,15.1,12.6,9.7,9.6,27.5,137.4,339.1,287.7,240.0,43.3,8.2,5.2,1004.2,27.7,46.8,1135.4
BIHAR,VAISHALI,15.3,8.4,7.2,14.6,26.8,137.6,375.0,285.3,223.7,73.3,5.4,3.9,1021.6,23.7,48.6,1176.5
BIHAR,JAHANABAD,12.8,7.6,7.0,13.1,23.1,112.5,255.6,255.8,196.5,39.1,7.7,5.8,820.4,20.4,43.2,936.6
BIHAR,BUXAR,14.1,6.7,6.8,3.7,17.6,110.9,287.1,263.0,200.2,53.7,6.8,4.8,861.2,20.8,28.1,975.4
BIHAR,ARARIA,13.8,8.0,15.4,36.8,114.5,271.7,444.6,352.4,278.3,84.0,7.4,5.3,1347.0,21.8,166.7,1632.2
BIHAR,BANKA,10.1,9.3,11.7,15.7,45.9,138.2,271.1,241.7,214.9,84.6,5.7,5.6,865.9,19.4,73.3,1054.5
BIHAR,BHABUA,26.4,16.4,10.0,5.5,18.6,131.0,311.7,299.4,253.0,42.4,5.5,6.4,995.1,42.8,34.1,1126.3
BIHAR,JAMUI,10.1,8.2,9.0,9.4,35.1,163.4,311.9,253.3,223.2,70.9,9.0,3.8,951.8,18.3,53.5,1107.3
BIHAR,KISHANGANJ,10.2,8.2,17.5,51.7,155.7,368.1,579.1,463.5,344.8,80.4,6.8,4.6,1755.5,18.4,224.9,2090.6
BIHAR,SHEIKHPURA,13.7,8.2,8.2,9.7,33.5,144.2,291.6,240.3,189.6,58.1,6.3,5.0,865.7,21.9,51.4,1008.4
BIHAR,SUPAUL,7.6,8.7,12.7,23.0,83.3,200.3,375.1,270.2,210.0,74.7,4.5,3.7,1055.6,16.3,119.0,1273.8
BIHAR,LAKHISARAI,12.9,7.0,10.0,14.3,44.9,165.5,305.7,271.1,231.7,71.4,6.5,5.8,974.0,19.9,69.2,1146.8
BIHAR,SHEOHAR,9.7,8.5,9.9,25.6,71.5,200.6,396.6,307.5,179.7,71.7,3.9,7.9,1084.4,18.2,107.0,1293.1
BIHAR,ARWAL,15.9,6.8,5.2,3.2,11.2,112.8,245.4,249.6,181.9,33.3,5.2,3.9,789.7,22.7,19.6,874.4
BIHAR,SAHARSA,6.1,10.9,12.8,39.6,107.1,249.4,515.1,352.8,290.8,94.6,3.7,10.0,1408.1,17.0,159.5,1692.9
UTTAR PRADESH,ALLAHABAD,17.5,10.0,7.6,3.6,6.6,82.1,265.5,278.8,182.3,34.6,9.4,4.6,808.7,27.5,17.8,902.6
UTTAR PRADESH,AZAMGARH,12.6,10.2,8.8,6.1,15.5,95.4,334.3,291.4,231.6,41.5,6.9,4.0,952.7,22.8,30.4,1058.3
UTTAR PRADESH,BAHRAICH,20.8,16.0,12.5,9.0,32.9,154.4,336.8,297.2,205.4,51.2,2.5,9.9,993.8,36.8,54.4,1148.6
UTTAR PRADESH,BALLIA,10.7,8.5,6.7,5.3,20.2,110.9,292.6,260.1,163.6,41.6,5.4,2.6,827.2,19.2,32.2,928.2
UTTAR PRADESH,BANDA,17.6,11.6,6.3,4.5,12.1,92.1,261.0,316.4,170.9,36.4,5.5,8.8,840.4,29.2,22.9,943.2
UTTAR PRADESH,BARABANKI,16.9,14.4,8.1,5.8,17.8,112.1,309.7,284.4,224.3,50.3,2.9,8.7,930.5,31.3,31.7,1055.4
UTTAR PRADESH,BASTI,15.4,10.4,10.9,5.5,20.7,129.4,324.5,289.3,200.4,46.5,2.2,7.5,943.6,25.8,37.1,1062.7
UTTAR PRADESH,DEORIA,13.7,17.8,9.2,8.7,24.0,133.3,316.6,299.9,201.1,53.1,4.0,5.6,950.9,31.5,41.9,1087.0
UTTAR PRADESH,FAIZABAD,18.7,12.4,7.2,4.5,18.8,123.0,346.6,309.6,210.5,51.0,2.9,8.8,989.7,31.1,30.5,1114.0
UTTAR PRADESH,FARRUKHABAD,15.1,11.1,8.0,5.0,12.8,73.5,246.0,282.3,141.6,52.1,2.4,3.4,743.4,26.2,25.8,853.3
UTTAR PRADESH,FATEHPUR,18.3,11.7,7.2,4.7,8.6,82.2,261.5,286.0,182.8,39.4,4.9,7.9,812.5,30.0,20.5,915.2
UTTAR PRADESH,GHAZIPUR,15.7,9.4,8.0,4.7,13.9,98.8,266.7,305.7,211.8,49.2,9.6,2.3,883.0,25.1,26.6,995.8
UTTAR PRADESH,GONDA,16.9,9.4,8.3,6.3,22.3,145.0,335.4,316.6,230.2,59.1,1.6,9.0,1027.2,26.3,36.9,1160.1
UTTAR PRADESH,GORAKHPUR,18.9,10.9,10.9,11.5,27.2,166.9,372.4,384.2,252.0,69.1,6.4,7.9,1175.5,29.8,49.6,1338.3
UTTAR PRADESH,HARDOI,18.2,13.1,9.5,5.8,16.9,87.3,264.5,268.5,167.6,57.6,2.7,6.5,787.9,31.3,32.2,918.2
UTTAR PRADESH,JAUNPUR,15.2,10.4,6.9,4.6,11.8,91.2,304.7,255.8,222.4,32.1,7.4,5.6,874.1,25.6,23.3,968.1
UTTAR PRADESH,KANPUR NAGAR,16.8,11.9,6.0,2.6,7.7,62.2,226.4,263.9,144.3,54.9,2.5,7.2,696.8,28.7,16.3,806.4
UTTAR PRADESH,KHERI LAKHIMP,21.4,16.2,11.8,6.5,29.1,131.4,297.2,303.3,194.2,63.8,2.0,8.4,926.1,37.6,47.4,1085.3
UTTAR PRADESH,LUCKNOW,18.1,12.3,7.3,4.1,12.2,85.9,254.6,262.2,169.8,47.9,4.1,6.8,772.5,30.4,23.6,885.3
UTTAR PRADESH,MIRZAPUR,18.0,12.6,10.0,3.8,10.3,91.0,288.3,290.4,231.4,32.9,9.6,4.9,901.1,30.6,24.1,1003.2
UTTAR PRADESH,PRATAPGARH,15.2,9.9,8.1,2.0,9.0,81.9,288.7,284.1,197.1,34.3,6.8,6.5,851.8,25.1,19.1,943.6
UTTAR PRADESH,RAE BARELI,14.0,9.3,5.8,3.0,7.6,68.7,257.7,255.9,168.0,53.5,1.5,8.0,750.3,23.3,16.4,853.0
UTTAR PRADESH,SITAPUR,18.5,12.1,11.8,5.4,18.4,113.6,272.6,278.0,200.6,60.1,3.7,8.5,864.8,30.6,35.6,1003.3
UTTAR PRADESH,SULTANPUR,13.2,8.7,6.3,4.7,16.9,82.5,303.2,273.2,181.8,45.4,2.4,6.2,840.7,21.9,27.9,944.5
UTTAR PRADESH,UNNAO,14.9,15.1,7.4,3.4,10.5,82.9,249.3,286.4,171.7,56.1,2.2,7.3,790.3,30.0,21.3,907.2
UTTAR PRADESH,VARANASI,18.4,14.5,9.5,4.7,11.8,93.9,311.6,281.4,236.6,37.5,12.2,5.5,923.5,32.9,26.0,1037.6
UTTAR PRADESH,SONBHADRA,18.1,13.9,10.3,6.3,11.9,126.7,286.4,292.8,211.0,34.8,5.9,7.0,916.9,32.0,28.5,1025.1
UTTAR PRADESH,MAHARAJGANJ,17.6,9.8,12.9,15.7,36.2,187.5,421.3,371.9,233.4,72.3,4.9,5.6,1214.1,27.4,64.8,1389.1
UTTAR PRADESH,MAU,15.8,9.0,9.0,5.7,19.2,117.7,336.9,323.5,226.6,46.6,7.1,4.2,1004.7,24.8,33.9,1121.3
UTTAR PRADESH,SIDDHARTH NGR,15.5,10.4,9.3,6.0,21.8,139.7,357.8,314.7,197.7,63.4,1.6,7.8,1009.9,25.9,37.1,1145.7
UTTAR PRADESH,KUSHINAGAR,15.3,10.1,10.9,12.7,36.1,182.6,369.4,365.6,240.8,71.4,4.2,7.5,1158.4,25.4,59.7,1326.6
UTTAR PRADESH,AMBEDKAR NAGAR,14.8,11.0,8.5,6.2,17.9,102.2,317.8,282.4,202.4,40.2,3.6,6.3,904.8,25.8,32.6,1013.3
UTTAR PRADESH,KANNAUJ,15.5,11.5,9.0,3.7,16.2,58.9,244.5,311.4,161.9,61.4,2.9,5.4,776.7,27.0,28.9,902.3
UTTAR PRADESH,BALRAMPUR,18.8,16.9,8.2,9.3,38.6,141.4,385.4,329.9,215.0,72.6,1.2,10.6,1071.7,35.7,56.1,1247.9
UTTAR PRADESH,KAUSHAMBI,15.5,11.7,8.1,3.4,7.4,72.6,258.8,268.0,166.2,36.1,6.6,7.3,765.6,27.2,18.9,861.7
UTTAR PRADESH,SAHUJI MAHARA,17.3,12.0,8.6,3.5,8.1,88.0,275.3,315.5,207.1,36.7,7.8,6.4,885.9,29.3,20.2,986.3
UTTAR PRADESH,KANPUR DEHAT,13.5,11.4,5.5,2.7,6.3,70.7,237.0,289.6,167.7,44.4,2.9,5.5,765.0,24.9,14.5,857.2
UTTAR PRADESH,CHANDAULI,18.5,12.1,11.6,5.3,10.3,79.0,302.3,283.8,181.0,31.8,10.2,3.7,846.1,30.6,27.2,949.6
UTTAR PRADESH,SANT KABIR NGR,11.8,13.1,10.5,5.1,20.8,139.8,356.7,300.5,193.7,50.9,1.2,6.5,990.7,24.9,36.4,1110.6
UTTAR PRADESH,SANT RAVIDAS,18.5,12.1,11.6,5.3,10.3,79.0,302.3,283.8,181.0,31.8,10.2,3.7,846.1,30.6,27.2,949.6
UTTAR PRADESH,SHRAVASTI NGR,20.8,16.0,12.5,9.0,32.9,154.4,336.8,297.2,205.4,51.2,2.5,9.9,993.8,36.8,54.4,1148.6
UTTAR PRADESH,AGRA,17.5,9.9,8.9,4.0,9.3,53.8,227.1,280.9,125.4,28.1,5.0,4.7,687.2,27.4,22.2,774.6
UTTAR PRADESH,ALIGARH,19.5,12.6,9.4,5.6,18.4,47.4,213.1,261.9,133.3,39.0,4.2,6.6,655.7,32.1,33.4,771.0
UTTAR PRADESH,BAREILLY,20.3,18.9,12.6,5.6,18.7,96.6,294.7,296.7,165.8,57.9,2.4,6.4,853.8,39.2,36.9,996.6
UTTAR PRADESH,BIJNOR,34.2,25.0,24.1,8.2,19.1,92.0,342.4,321.0,158.8,40.0,6.4,11.9,914.2,59.2,51.4,1083.1
UTTAR PRADESH,BADAUN,13.4,16.1,11.7,3.7,14.5,69.4,252.4,292.7,143.5,58.8,2.7,5.9,758.0,29.5,29.9,884.8
UTTAR PRADESH,BULANDSHAHAR,16.2,13.2,13.1,3.9,14.0,53.4,224.5,254.4,138.4,36.2,4.2,7.5,670.7,29.4,31.0,779.0
UTTAR PRADESH,ETAH,13.0,12.0,9.9,4.4,11.6,52.1,201.5,243.1,118.6,41.6,2.3,4.3,615.3,25.0,25.9,714.4
UTTAR PRADESH,ETAWAH,13.9,11.7,8.9,2.8,10.5,60.9,222.0,293.4,151.7,45.0,2.9,5.9,728.0,25.6,22.2,829.6
UTTAR PRADESH,HAMIRPUR,16.1,11.5,5.3,2.1,6.7,76.3,246.6,309.8,164.2,33.3,3.9,6.0,796.9,27.6,14.1,881.8
UTTAR PRADESH,JALAUN,13.5,11.2,5.7,2.0,8.1,65.7,239.5,310.8,158.9,47.2,3.6,5.3,774.9,24.7,15.8,871.5
UTTAR PRADESH,JHANSI,14.1,10.5,5.3,4.7,8.7,79.0,271.8,309.9,177.2,37.2,6.6,6.5,837.9,24.6,18.7,931.5
UTTAR PRADESH,LALITPUR,21.0,9.4,6.5,3.4,6.8,86.2,321.7,358.1,173.3,34.1,6.7,7.4,939.3,30.4,16.7,1034.6
UTTAR PRADESH,MAINPURI,11.8,9.5,8.1,3.8,9.9,61.3,211.5,245.9,136.6,40.1,3.7,6.2,655.3,21.3,21.8,748.4
UTTAR PRADESH,MATHURA,9.3,11.2,9.5,4.5,9.5,41.3,194.7,241.6,102.3,23.6,3.8,4.6,579.9,20.5,23.5,655.9
UTTAR PRADESH,MEERUT,23.2,18.3,16.0,9.4,14.4,62.0,267.0,300.7,148.8,41.6,5.4,11.2,778.5,41.5,39.8,918.0
UTTAR PRADESH,MORADABAD,22.5,21.8,13.0,4.7,15.8,91.0,292.7,314.8,156.7,47.7,3.3,8.9,855.2,44.3,33.5,992.9
UTTAR PRADESH,MUZAFFARNAGAR,25.0,19.6,14.4,5.9,14.3,64.7,265.2,269.7,137.2,34.5,6.2,12.4,736.8,44.6,34.6,869.1
UTTAR PRADESH,PILIBHIT,20.9,16.9,14.3,5.8,23.0,112.7,326.5,343.5,205.9,73.6,4.4,7.9,988.6,37.8,43.1,1155.4
UTTAR PRADESH,RAMPUR,21.7,22.5,19.2,7.4,22.2,107.0,331.5,321.2,155.8,34.0,4.0,11.1,915.5,44.2,48.8,1057.6
UTTAR PRADESH,SAHARANPUR,26.9,26.5,21.3,5.7,21.2,94.6,277.0,301.6,131.4,34.5,8.3,14.9,804.6,53.4,48.2,963.9
UTTAR PRADESH,SHAHJAHANPUR,16.9,17.5,13.0,4.8,20.2,96.2,290.4,307.3,165.3,68.5,3.5,7.2,859.2,34.4,38.0,1010.8
UTTAR PRADESH,GHAZIABAD,19.6,18.3,18.0,6.1,12.5,44.6,213.5,255.6,128.0,37.0,5.0,8.1,641.7,37.9,36.6,766.3
UTTAR PRADESH,FIROZABAD,13.3,10.9,7.5,3.8,10.3,59.5,216.9,258.1,141.8,35.5,2.9,5.0,676.3,24.2,21.6,765.5
UTTAR PRADESH,MAHOBA,17.4,10.6,4.8,1.2,7.4,66.2,243.1,314.3,152.8,24.9,4.7,5.7,776.4,28.0,13.4,853.1
UTTAR PRADESH,MAHAMAYA NAGA,11.5,10.4,10.4,4.0,10.7,47.8,213.8,244.6,119.2,31.5,2.1,4.8,625.4,21.9,25.1,710.8
UTTAR PRADESH,AURAIYA,13.5,16.5,7.7,3.2,10.8,59.8,226.9,268.3,145.0,50.7,3.7,5.8,700.0,30.0,21.7,811.9
UTTAR PRADESH,BAGPAT,17.3,16.3,12.7,7.4,13.6,42.8,194.0,220.3,88.2,21.6,4.9,7.0,545.3,33.6,33.7,646.1
UTTAR PRADESH,JYOTIBA PHULE,22.8,15.7,15.9,4.4,13.9,59.7,279.3,298.5,145.5,48.6,5.3,7.8,783.0,38.5,34.2,917.4
UTTAR PRADESH,GAUTAM BUDDHA,19.2,9.3,12.4,5.0,6.0,36.9,181.7,228.6,125.6,35.8,3.4,5.4,572.8,28.5,23.4,669.3
UTTAR PRADESH,KANSHIRAM NAG,16.5,9.5,11.4,4.4,13.2,52.0,224.7,274.6,150.2,53.4,2.9,5.6,701.5,26.0,29.0,818.4
UTTARANCHAL,ALMORA,46.2,46.8,47.4,25.5,46.7,132.3,299.9,276.9,149.3,57.2,8.1,21.0,858.4,93.0,119.6,1157.3
UTTARANCHAL,CHAMOLI,57.5,77.7,81.9,42.9,69.4,108.7,289.6,329.2,131.8,43.5,10.2,24.6,859.3,135.2,194.2,1267.0
UTTARANCHAL,DEHRADUN,51.7,49.3,49.8,24.2,50.8,185.2,683.3,673.9,259.7,62.6,12.9,20.5,1802.1,101.0,124.8,2123.9
UTTARANCHAL,GARHWAL PAURI,43.1,33.2,35.5,19.4,38.3,123.5,452.5,443.7,193.8,55.7,7.4,17.9,1213.5,76.3,93.2,1464.0
UTTARANCHAL,NAINITAL,46.0,41.0,37.7,20.9,54.4,205.0,514.0,458.3,261.8,82.2,6.5,15.9,1439.1,87.0,113.0,1743.7
UTTARANCHAL,PITHORAGARH,50.3,57.4,65.6,46.2,93.5,299.6,555.8,538.9,293.6,65.3,12.5,19.3,1687.9,107.7,205.3,2098.0
UTTARANCHAL,GARHWAL TEHRI,54.6,52.2,56.3,31.7,55.9,136.2,371.5,366.7,172.7,48.4,10.3,28.5,1047.1,106.8,143.9,1385.0
UTTARANCHAL,UTTARKASHI,70.9,72.8,84.9,48.5,102.1,147.6,380.6,405.2,215.2,59.6,13.3,25.0,1148.6,143.7,235.5,1625.7
UTTARANCHAL,HARIDWAR,33.0,35.9,30.4,12.2,21.8,105.7,332.4,367.0,156.8,29.7,4.4,14.6,961.9,68.9,64.4,1143.9
UTTARANCHAL,CHAMPAWAT,43.5,39.3,33.7,26.9,52.5,213.1,465.9,406.3,234.4,77.4,8.2,22.7,1319.7,82.8,113.1,1623.9
UTTARANCHAL,RUDRAPRAYAG,75.6,73.3,85.4,54.7,94.1,217.7,578.0,639.4,236.0,52.6,13.7,30.4,1671.1,148.9,234.2,2150.9
UTTARANCHAL,UDHAM SINGH N,30.0,19.0,15.7,9.0,32.9,147.4,402.9,365.8,203.8,73.5,4.5,9.4,1119.9,49.0,57.6,1313.9
UTTARANCHAL,BAGESHWAR,46.2,46.8,47.4,25.5,46.7,132.3,299.9,276.9,149.3,57.2,8.1,21.0,858.4,93.0,119.6,1157.3
HARYANA,AMBALA,38.9,31.6,25.3,7.7,20.5,105.2,307.8,326.0,177.6,34.4,8.8,20.9,916.6,70.5,53.5,1104.7
HARYANA,GURGAON,10.2,11.7,7.0,6.4,13.9,38.0,169.0,185.2,80.1,12.7,5.5,4.3,472.3,21.9,27.3,544.0
HARYANA,HISAR,11.0,12.2,9.7,7.4,14.5,35.1,118.8,113.8,57.4,13.0,4.5,4.0,325.1,23.2,31.6,401.4
HARYANA,JIND,16.4,18.7,12.4,5.4,14.9,40.7,142.3,147.0,85.6,15.8,5.1,4.8,415.6,35.1,32.7,509.1
HARYANA,KARNAL,30.3,21.4,19.4,8.9,13.1,60.3,197.8,224.3,94.6,26.2,5.9,12.2,577.0,51.7,41.4,714.4
HARYANA,MAHENDRAGARH,11.8,10.9,9.4,5.3,18.9,43.5,154.3,144.4,53.2,14.1,3.5,6.9,395.4,22.7,33.6,476.2
HARYANA,ROHTAK,19.3,16.8,17.7,9.3,19.8,49.5,194.1,195.8,68.6,13.4,5.8,7.9,508.0,36.1,46.8,618.0
HARYANA,BHIWANI,14.6,10.4,8.1,5.5,11.2,32.3,128.2,132.0,56.0,13.4,4.2,3.6,348.5,25.0,24.8,419.5
HARYANA,FARIDABAD,16.5,12.3,10.4,10.7,16.1,42.2,201.6,234.7,121.7,18.7,6.0,6.7,600.2,28.8,37.2,697.6
HARYANA,KURUKSHETRA,28.7,19.4,21.5,9.8,10.2,66.3,202.3,203.3,91.1,23.5,5.2,10.1,563.0,48.1,41.5,691.4
HARYANA,SIRSA,11.0,11.6,10.1,5.5,12.1,23.0,99.8,81.7,37.6,13.4,4.9,2.8,242.1,22.6,27.7,313.5
HARYANA,SONEPAT(RTK),19.4,15.6,14.4,9.6,16.7,46.2,194.4,208.5,85.2,20.4,5.9,7.9,534.3,35.0,40.7,644.2
HARYANA,YAMUNANAGAR,42.5,34.9,31.9,15.1,26.4,117.8,304.4,325.4,144.5,36.0,6.8,21.3,892.1,77.4,73.4,1107.0
HARYANA,KAITHAL,17.7,15.2,12.5,5.6,8.5,42.2,128.3,140.1,73.4,14.2,3.9,4.9,384.0,32.9,26.6,466.5
HARYANA,PANIPAT,20.6,15.8,12.6,9.5,9.9,55.1,176.2,203.9,86.5,21.8,4.7,7.5,521.7,36.4,32.0,624.1
HARYANA,REWARI,9.1,8.7,5.2,3.0,9.9,33.1,150.1,183.5,69.1,13.2,3.5,3.8,435.8,17.8,18.1,492.2
HARYANA,FATEHABAD,16.7,11.0,11.2,6.8,14.9,31.3,104.3,95.9,51.5,12.4,3.6,5.0,283.0,27.7,32.9,364.6
HARYANA,JHAJJAR,12.4,12.5,9.7,7.5,10.6,34.4,159.3,151.2,72.4,11.0,3.4,4.6,417.3,24.9,27.8,489.0
HARYANA,PANCHKULA,43.6,37.4,27.8,11.5,27.9,105.6,327.0,346.6,171.2,18.7,12.2,18.7,950.4,81.0,67.2,1148.2
HARYANA,MEWAT,9.4,9.6,6.3,5.2,9.8,41.3,167.2,194.0,99.3,20.7,4.1,5.1,501.8,19.0,21.3,572.0
HARYANA,PALWAL(FRD),9.1,7.9,5.9,4.3,7.7,28.1,160.4,171.8,86.6,20.0,3.1,3.2,446.9,17.0,17.9,508.1
CHANDIGARH,CHANDIGARH,44.3,38.9,33.2,14.8,30.1,120.0,282.4,287.5,154.3,31.8,9.9,23.4,844.2,83.2,78.1,1070.6
DELHI,NEW DELHI,16.4,16.3,15.3,8.9,19.3,59.8,220.7,245.5,110.2,20.5,5.6,8.6,636.2,32.7,43.5,747.1
DELHI,CENTRAL DELHI,16.4,16.3,15.3,8.9,19.3,59.8,220.7,245.5,110.2,20.5,5.6,8.6,636.2,32.7,43.5,747.1
DELHI,EAST DELHI,16.4,16.3,15.3,8.9,19.3,59.8,220.7,245.5,110.2,20.5,5.6,8.6,636.2,32.7,43.5,747.1
DELHI,NORTH DELHI,16.4,16.3,15.3,8.9,19.3,59.8,220.7,245.5,110.2,20.5,5.6,8.6,636.2,32.7,43.5,747.1
DELHI,NE DELHI,16.4,16.3,15.3,8.9,19.3,59.8,220.7,245.5,110.2,20.5,5.6,8.6,636.2,32.7,43.5,747.1
DELHI,SW DELHI,16.4,16.3,15.3,8.9,19.3,59.8,220.7,245.5,110.2,20.5,5.6,8.6,636.2,32.7,43.5,747.1
DELHI,NW DELHI,16.4,16.3,15.3,8.9,19.3,59.8,220.7,245.5,110.2,20.5,5.6,8.6,636.2,32.7,43.5,747.1
DELHI,SOUTH DELHI,16.4,16.3,15.3,8.9,19.3,59.8,220.7,245.5,110.2,20.5,5.6,8.6,636.2,32.7,43.5,747.1
DELHI,WEST DELHI,16.4,16.3,15.3,8.9,19.3,59.8,220.7,245.5,110.2,20.5,5.6,8.6,636.2,32.7,43.5,747.1
PUNJAB,AMRITSAR,30.4,29.0,35.4,20.9,17.1,43.1,211.4,194.1,89.0,28.7,7.6,15.0,537.6,59.4,73.4,721.7
PUNJAB,BATHINDA,11.5,17.4,13.0,8.0,9.7,33.5,109.6,115.4,62.5,19.2,2.7,5.4,321.0,28.9,30.7,407.9
PUNJAB,FEROZEPUR,15.7,14.5,21.3,9.3,15.4,31.3,128.4,124.7,67.9,12.3,5.1,9.7,352.3,30.2,46.0,455.6
PUNJAB,GURDASPUR,60.0,49.9,53.8,25.7,21.3,57.1,324.6,319.9,126.2,37.2,11.0,25.8,827.8,109.9,100.8,1112.5
PUNJAB,HOSHIARPUR,38.4,39.8,39.8,16.0,20.4,74.9,275.7,241.5,125.8,31.5,9.3,20.0,717.9,78.2,76.2,933.1
PUNJAB,JALANDHAR,28.6,28.6,30.7,13.7,20.2,48.5,203.9,188.1,111.0,21.9,7.3,16.6,551.5,57.2,64.6,719.1
PUNJAB,KAPURTHALA,27.6,21.0,25.8,9.5,14.1,37.1,166.3,136.5,82.7,31.4,5.4,10.6,422.6,48.6,49.4,568.0
PUNJAB,LUDHIANA,24.3,26.1,26.5,12.1,16.6,51.2,203.0,178.3,101.7,25.7,5.4,14.7,534.2,50.4,55.2,685.6
PUNJAB,PATIALA,26.7,24.7,20.9,9.3,15.3,54.9,235.9,208.5,115.9,21.1,4.3,14.5,615.2,51.4,45.5,752.0
PUNJAB,RUPNAGAR,41.6,38.9,51.2,14.7,25.6,65.4,291.0,252.9,119.2,19.7,13.2,23.1,728.5,80.5,91.5,956.5
PUNJAB,SANGRUR,18.3,19.3,15.9,10.4,18.7,44.8,160.5,145.8,85.7,20.4,4.7,12.9,436.8,37.6,45.0,557.4
PUNJAB,FARIDKOT,16.1,14.3,17.0,8.1,13.9,36.0,120.0,103.8,65.3,9.8,3.8,7.5,325.1,30.4,39.0,415.6
PUNJAB,MOGA,21.3,13.4,15.0,9.7,15.7,33.7,123.0,133.5,63.8,20.9,3.1,7.5,354.0,34.7,40.4,460.6
PUNJAB,NAWANSHAHR,38.8,39.9,38.6,15.9,19.2,85.3,309.6,254.9,138.8,29.6,10.1,24.9,788.6,78.7,73.7,1005.6
PUNJAB,FATEHGARH SAH,24.9,21.8,22.6,10.0,13.7,45.6,220.6,174.6,106.3,18.9,7.1,17.0,547.1,46.7,46.3,683.1
PUNJAB,MUKTSAR,16.7,12.7,18.2,7.0,10.9,31.2,113.0,107.5,60.1,11.2,3.5,7.5,311.8,29.4,36.1,399.5
PUNJAB,MANSA,12.3,18.4,11.3,7.2,8.9,30.3,110.9,122.8,70.8,18.2,2.4,6.3,334.8,30.7,27.4,419.8
PUNJAB,BARNALA,14.7,16.9,10.0,11.5,9.6,30.3,129.4,117.5,78.4,18.3,3.9,8.9,355.6,31.6,31.1,449.4
PUNJAB,SAS NAGAR(MGA),33.4,24.7,29.5,13.8,24.6,68.8,241.8,216.6,117.3,20.2,7.3,20.7,644.5,58.1,67.9,818.7
PUNJAB,TARN TARAN,18.0,18.3,21.5,10.4,12.4,23.5,133.6,111.4,68.3,17.8,4.5,9.5,336.8,36.3,44.3,449.2
HIMACHAL,BILASPUR,62.5,66.8,54.0,26.1,41.1,107.4,311.8,304.2,153.6,27.0,14.0,28.7,877.0,129.3,121.2,1197.2
HIMACHAL,CHAMBA,126.2,112.8,120.3,51.2,53.4,132.4,567.3,479.2,227.5,48.7,21.9,56.2,1406.4,239.0,224.9,1997.1
HIMACHAL,KANGRA,83.0,80.2,84.9,39.9,45.1,145.6,583.2,619.4,233.9,48.1,15.8,40.7,1582.1,163.2,169.9,2019.8
HIMACHAL,KINNAUR,102.1,107.8,113.9,77.4,69.4,37.1,75.0,81.3,70.8,35.4,17.5,48.7,264.2,209.9,260.7,836.4
HIMACHAL,KULLU,86.9,97.0,135.2,79.5,72.1,82.4,184.8,165.9,86.6,32.0,23.4,42.3,519.7,183.9,286.8,1088.1
HIMACHAL,LAHUL & SPITI,132.8,137.1,176.6,108.9,91.7,52.4,164.5,139.9,101.4,52.2,29.6,61.7,458.2,269.9,377.2,1248.8
HIMACHAL,MANDI,71.1,67.5,81.7,48.3,64.3,160.1,411.2,370.1,152.0,34.4,15.3,30.9,1093.4,138.6,194.3,1506.9
HIMACHAL,HAMIRPUR,73.0,61.4,59.1,27.1,42.7,143.3,384.8,391.2,159.6,41.1,13.9,31.0,1078.9,134.4,128.9,1428.2
HIMACHAL,SHIMLA,69.1,70.3,80.0,48.3,65.0,104.7,226.9,189.0,113.3,32.6,13.9,28.3,633.9,139.4,193.3,1041.4
HIMACHAL,SIRMAUR,58.4,53.3,42.4,20.4,31.9,140.9,508.0,485.6,190.1,44.0,9.2,34.1,1324.6,111.7,94.7,1618.3
HIMACHAL,SOLAN,71.7,66.1,62.6,27.9,48.8,130.3,368.4,331.8,169.6,44.1,12.9,32.0,1000.1,137.8,139.3,1366.2
HIMACHAL,UNA,46.3,45.1,40.9,17.2,26.8,67.6,340.0,310.3,144.8,32.1,15.5,24.1,862.7,91.4,84.9,1110.7
JAMMU AND KASHMIR,ANANTNAG,83.2,100.7,152.7,113.4,101.1,65.2,87.4,82.1,50.4,39.5,38.5,55.4,285.1,183.9,367.2,969.6
JAMMU AND KASHMIR,BARAMULLA,116.1,157.0,189.6,145.9,111.4,60.5,71.2,70.0,46.0,47.6,35.9,80.8,247.7,273.1,446.9,1132.0
JAMMU AND KASHMIR,DODA,119.4,161.8,213.5,127.5,100.4,72.6,146.4,125.8,96.6,40.9,46.5,84.1,441.4,281.2,441.4,1335.5
JAMMU AND KASHMIR,JAMMU,56.3,66.6,68.9,37.2,39.9,63.9,366.6,323.6,106.4,31.5,15.7,34.7,860.5,122.9,146.0,1211.3
JAMMU AND KASHMIR,KATHUA,85.7,59.0,45.4,20.0,12.5,62.5,387.8,404.2,127.5,29.0,8.6,26.0,982.0,144.7,77.9,1268.2
JAMMU AND KASHMIR,LADAKH (LEH),8.1,7.3,8.8,8.0,8.0,3.8,13.1,14.1,8.6,7.2,3.6,4.0,39.6,15.4,24.8,94.6
JAMMU AND KASHMIR,UDHAMPUR,108.5,120.3,134.8,64.3,41.1,91.5,514.7,551.1,219.9,42.6,24.8,60.3,1377.2,228.8,240.2,1973.9
JAMMU AND KASHMIR,BADGAM,56.6,65.9,106.8,88.1,79.3,35.3,55.5,55.1,40.5,32.8,27.7,28.1,186.4,122.5,274.2,671.7
JAMMU AND KASHMIR,KUPWARA,87.1,126.3,240.6,154.8,99.6,59.0,88.0,74.7,31.5,51.1,52.0,68.0,253.2,213.4,495.0,1132.7
JAMMU AND KASHMIR,PULWAMA,42.5,48.2,77.2,72.4,57.9,25.5,42.5,47.4,36.0,21.0,12.9,21.1,151.4,90.7,207.5,504.6
JAMMU AND KASHMIR,SRINAGAR,56.7,68.8,104.0,86.8,68.0,37.4,55.6,60.9,30.4,31.7,29.0,44.3,184.3,125.5,258.8,673.6
JAMMU AND KASHMIR,KARGIL,25.6,25.6,25.1,19.7,22.0,5.5,11.6,24.0,8.6,14.5,20.6,20.5,49.7,51.2,66.8,223.3
JAMMU AND KASHMIR,POONCH,138.9,124.2,158.5,99.0,69.6,116.6,344.2,191.5,108.2,27.4,40.4,55.6,760.5,263.1,327.1,1474.1
JAMMU AND KASHMIR,RAJOURI,59.3,66.7,60.6,23.6,27.5,46.4,249.0,253.8,100.3,38.8,11.3,19.9,649.5,126.0,111.7,957.2
JAMMU AND KASHMIR,BANDIPORE,68.7,93.3,119.6,89.4,63.5,30.8,46.1,57.8,33.9,38.0,26.6,32.7,168.6,162.0,272.5,700.4
JAMMU AND KASHMIR,GANDERWAL,56.7,68.8,104.0,86.8,68.0,37.4,55.6,60.9,30.4,31.7,29.0,44.3,184.3,125.5,258.8,673.6
JAMMU AND KASHMIR,KULGAM/(ANT),75.9,70.6,131.9,130.6,107.1,41.6,79.9,78.8,68.6,38.1,27.8,28.0,268.9,146.5,369.6,878.9
JAMMU AND KASHMIR,SHOPAN,48.5,72.9,119.1,121.3,90.8,42.7,85.1,91.9,46.0,31.9,28.6,39.9,265.7,121.4,331.2,818.7
JAMMU AND KASHMIR,SAMBA,56.3,66.6,68.9,37.2,39.9,63.9,366.6,323.6,106.4,31.5,15.7,34.7,860.5,122.9,146.0,1211.3
JAMMU AND KASHMIR,KISTWAR,119.4,161.8,213.5,127.5,100.4,72.6,146.4,125.8,96.6,40.9,46.5,84.1,441.4,281.2,441.4,1335.5
JAMMU AND KASHMIR,REASI,101.5,93.0,84.6,43.5,40.0,83.2,440.5,556.9,242.0,42.2,12.2,56.9,1322.6,194.5,168.1,1796.5
JAMMU AND KASHMIR,RAMBAN(DDA),144.5,190.8,211.6,112.9,85.0,61.4,132.2,120.2,86.8,42.1,43.6,97.3,400.6,335.3,409.5,1328.4
RAJASTHAN,BARMER,1.2,1.7,2.3,3.2,9.1,27.4,88.6,86.7,40.7,4.1,3.2,0.4,243.4,2.9,14.6,268.6
RAJASTHAN,BIKANER,4.1,7.8,5.7,4.1,14.3,29.2,85.7,74.6,39.2,4.4,2.5,2.4,228.7,11.9,24.1,274.0
RAJASTHAN,CHURU,6.2,7.4,6.3,4.9,16.4,37.7,126.6,101.7,47.7,9.9,2.4,2.4,313.7,13.6,27.6,369.6
RAJASTHAN,SRI GANGANAGA,6.0,8.0,9.3,7.0,11.6,25.5,79.3,64.9,31.7,3.1,2.1,4.4,201.4,14.0,27.9,252.9
RAJASTHAN,JAISALMER,1.7,2.9,2.2,3.8,6.6,19.4,59.3,56.9,22.8,3.1,1.5,1.0,158.4,4.6,12.6,181.2
RAJASTHAN,JALORE,1.8,1.1,2.6,1.4,8.2,34.5,161.1,132.2,66.4,9.2,7.6,1.0,394.2,2.9,12.2,427.1
RAJASTHAN,JODHPUR,2.9,3.1,2.7,5.2,11.1,27.9,109.5,94.6,42.5,4.9,2.7,1.0,274.5,6.0,19.0,308.1
RAJASTHAN,NAGAUR,4.1,5.5,2.7,4.7,15.3,42.5,142.6,116.0,47.4,7.9,2.6,2.8,348.5,9.6,22.7,394.1
RAJASTHAN,PALI,3.7,2.5,2.9,2.7,9.5,41.9,177.3,152.9,74.6,11.9,4.6,1.2,446.7,6.2,15.1,485.7
RAJASTHAN,HANUMANGARH,7.5,8.6,5.7,4.9,13.0,32.2,103.4,83.4,33.5,3.4,3.6,2.4,252.5,16.1,23.6,301.6
RAJASTHAN,AJMER,3.7,2.0,2.1,2.2,8.9,43.6,171.0,155.0,60.0,9.7,2.5,1.5,429.6,5.7,13.2,462.2
RAJASTHAN,ALWAR,9.6,10.2,5.6,5.5,15.8,44.2,196.9,213.3,100.9,20.0,4.1,4.8,555.3,19.8,26.9,630.9
RAJASTHAN,BANSWARA,2.8,0.5,1.6,0.9,5.2,97.7,284.3,302.5,147.3,24.4,12.6,3.2,831.8,3.3,7.7,883.0
RAJASTHAN,BHARATPUR,9.3,8.9,5.3,3.8,11.2,40.4,184.7,229.8,102.7,17.7,3.4,3.9,557.6,18.2,20.3,621.1
RAJASTHAN,BHILWARA,4.8,3.8,3.9,3.0,10.4,60.0,213.6,217.7,89.6,11.7,8.0,3.7,580.9,8.6,17.3,630.2
RAJASTHAN,BUNDI,5.6,3.3,3.3,2.3,6.6,62.2,256.6,235.8,101.3,16.7,8.3,3.6,655.9,8.9,12.2,705.6
RAJASTHAN,CHITTORGARH,4.3,1.5,2.7,3.3,10.1,71.5,249.9,269.9,118.4,18.1,13.2,2.4,709.7,5.8,16.1,765.3
RAJASTHAN,DUNGARPUR,1.7,0.6,1.8,1.2,4.6,77.1,228.5,221.9,110.3,14.8,12.6,2.7,637.8,2.3,7.6,677.8
RAJASTHAN,JAIPUR,6.7,7.5,2.4,3.9,15.0,52.1,206.9,192.5,73.1,11.8,2.7,2.6,524.6,14.2,21.3,577.2
RAJASTHAN,JHALAWAR,6.8,2.3,3.4,1.4,7.0,84.1,285.8,335.8,149.4,27.0,11.6,5.6,855.1,9.1,11.8,920.2
RAJASTHAN,JHUNJHUNU,7.7,9.1,6.3,5.0,20.7,52.9,153.1,144.0,60.0,13.3,3.5,5.4,410.0,16.8,32.0,481.0
RAJASTHAN,KOTA,6.8,3.2,3.2,2.5,6.9,69.8,275.2,276.8,124.5,24.9,10.6,3.5,746.3,10.0,12.6,807.9
RAJASTHAN,SAWAI MADHOPUR,7.3,6.4,2.9,2.9,9.8,53.9,253.4,264.5,92.2,19.4,4.7,3.6,664.0,13.7,15.6,721.0
RAJASTHAN,SIKAR,7.2,8.3,4.2,4.7,19.1,48.2,167.1,134.0,53.2,10.7,3.8,3.3,402.5,15.5,28.0,463.8
RAJASTHAN,SIROHI,4.1,1.5,3.2,2.7,10.1,72.2,332.0,313.0,151.4,12.9,8.6,1.7,868.6,5.6,16.0,913.4
RAJASTHAN,TONK,5.0,5.3,2.7,3.0,10.1,56.1,219.7,210.5,79.7,13.9,4.9,3.0,566.0,10.3,15.8,613.9
RAJASTHAN,UDAIPUR,2.8,2.0,4.3,2.2,8.2,73.6,207.5,203.7,106.5,15.2,11.1,2.6,591.3,4.8,14.7,639.7
RAJASTHAN,DHOLPUR,8.6,9.5,7.0,2.5,8.6,54.5,211.7,266.1,117.7,26.3,4.3,5.3,650.0,18.1,18.1,722.1
RAJASTHAN,BARAN,7.1,3.2,2.8,1.7,6.5,73.3,295.3,303.6,120.0,25.2,9.7,4.3,792.2,10.3,11.0,852.7
RAJASTHAN,DAUSA,8.7,7.0,4.2,4.1,12.8,52.4,237.0,228.2,94.5,17.1,4.7,4.1,612.1,15.7,21.1,674.8
RAJASTHAN,RAJSAMAND,4.0,2.2,3.7,2.6,12.3,68.1,176.8,177.6,83.5,13.7,6.9,3.1,506.0,6.2,18.6,554.5
RAJASTHAN,KARAULI,9.1,7.7,3.5,2.4,9.9,50.8,220.5,269.8,96.3,17.0,5.4,3.8,637.4,16.8,15.8,696.2
RAJASTHAN,PRATAPGARH(CHT,3.6,1.2,3.4,3.3,5.8,108.3,283.3,290.4,163.8,32.8,16.4,3.0,845.8,4.8,12.5,915.3
MADHYA PRADESH,BETUL,7.5,8.5,9.3,5.9,6.4,137.0,290.6,293.4,197.5,49.4,13.4,9.9,918.5,16.0,21.6,1028.8
MADHYA PRADESH,VIDISHA,14.0,8.2,5.1,1.4,4.4,110.3,356.2,376.0,162.5,24.0,11.9,10.8,1005.0,22.2,10.9,1084.8
MADHYA PRADESH,BHIND,10.4,7.1,4.2,1.3,4.6,55.6,221.5,261.4,147.0,39.5,3.9,6.9,685.5,17.5,10.1,763.4
MADHYA PRADESH,DATIA,9.1,8.5,5.0,3.4,6.6,62.2,246.0,293.0,174.6,39.8,4.1,7.9,775.8,17.6,15.0,860.2
MADHYA PRADESH,DEWAS,7.5,4.0,3.8,1.3,6.2,127.9,311.6,330.7,179.6,34.4,13.5,10.9,949.8,11.5,11.3,1031.4
MADHYA PRADESH,DHAR,3.3,1.0,1.4,0.8,4.1,126.4,266.3,261.5,172.6,34.8,11.1,2.8,826.8,4.3,6.3,886.1
MADHYA PRADESH,GUNA,12.1,7.1,6.3,2.7,8.6,87.3,336.6,356.0,163.1,28.6,10.6,9.3,943.0,19.2,17.6,1028.3
MADHYA PRADESH,GWALIOR,14.5,8.6,5.5,3.7,8.2,71.8,258.0,289.7,171.1,41.5,5.1,8.2,790.6,23.1,17.4,885.9
MADHYA PRADESH,HOSHANGABAD,11.8,8.3,9.1,3.2,8.1,140.3,416.6,464.4,267.8,37.4,15.0,10.2,1289.1,20.1,20.4,1392.2
MADHYA PRADESH,INDORE,5.9,2.3,1.8,1.2,8.3,120.4,270.9,266.9,181.5,38.3,14.1,5.7,839.7,8.2,11.3,917.3
MADHYA PRADESH,JHABUA,2.6,0.3,0.9,0.9,7.8,108.2,240.6,248.3,148.2,39.0,12.4,3.6,745.3,2.9,9.6,812.8
MADHYA PRADESH,MANDSAUR,4.9,1.8,3.8,3.9,3.6,81.7,276.7,276.9,144.7,35.8,13.0,3.3,780.0,6.7,11.3,850.1
MADHYA PRADESH,MORENA,11.7,7.5,5.3,2.6,6.5,52.7,236.0,284.1,135.4,25.8,3.0,6.4,708.2,19.2,14.4,777.0
MADHYA PRADESH,KHANDWA,7.3,4.1,5.8,2.0,9.7,125.3,268.1,279.0,178.4,35.4,14.6,10.3,850.8,11.4,17.5,940.0
MADHYA PRADESH,KHARGONE,5.0,2.8,2.1,1.4,7.1,131.5,229.2,237.3,160.5,31.5,10.7,7.8,758.5,7.8,10.6,826.9
MADHYA PRADESH,RAISEN,10.2,9.4,6.4,1.8,6.4,128.9,373.1,405.9,206.9,32.9,9.9,8.7,1114.8,19.6,14.6,1200.5
MADHYA PRADESH,RAJGARH,10.1,3.9,4.8,1.4,5.6,94.6,301.5,339.5,154.6,27.0,14.6,9.1,890.2,14.0,11.8,966.7
MADHYA PRADESH,RATLAM,4.7,1.9,2.1,2.0,5.1,103.9,295.4,299.2,172.8,41.1,12.7,6.9,871.3,6.6,9.2,947.8
MADHYA PRADESH,SEHORE,9.0,6.8,4.2,1.2,7.0,125.1,349.6,391.5,201.3,33.5,14.2,9.2,1067.5,15.8,12.4,1152.6
MADHYA PRADESH,SHAJAPUR,10.2,3.3,3.7,1.8,6.9,95.6,299.0,316.3,163.0,29.2,11.6,8.8,873.9,13.5,12.4,949.4
MADHYA PRADESH,SHIVPURI,13.0,6.8,3.6,2.3,6.9,70.5,276.1,280.0,153.2,31.8,7.5,7.7,779.8,19.8,12.8,859.4
MADHYA PRADESH,UJJAIN,6.4,2.1,2.0,0.8,5.4,104.7,276.6,291.6,160.8,35.0,12.9,7.4,833.7,8.5,8.2,905.7
MADHYA PRADESH,BHOPAL,11.8,7.0,6.5,2.5,9.7,111.8,338.5,355.9,192.4,33.8,8.3,9.5,998.6,18.8,18.7,1087.7
MADHYA PRADESH,HARDA,9.0,6.2,3.1,0.9,6.4,110.3,340.6,379.8,211.6,37.0,14.2,9.2,1042.3,15.2,10.4,1128.3
MADHYA PRADESH,NEEMUCH,4.5,2.8,3.7,2.3,6.1,85.2,264.5,258.8,138.9,31.2,12.3,3.5,747.4,7.3,12.1,813.8
MADHYA PRADESH,SHEOPUR,9.8,3.3,4.3,2.2,6.8,69.1,271.8,278.2,108.3,27.7,4.9,5.5,727.4,13.1,13.3,791.9
MADHYA PRADESH,BARWANI,2.9,0.8,1.9,0.9,7.2,105.6,198.0,194.6,137.2,35.5,10.8,5.8,635.4,3.7,10.0,701.2
MADHYA PRADESH,ASHOKNAGAR(GNA,7.2,6.5,3.0,0.7,1.8,71.2,315.6,314.0,164.3,25.1,5.5,11.8,865.1,13.7,5.5,926.7
MADHYA PRADESH,BURHANPUR,4.2,2.9,6.7,2.1,16.2,158.9,223.9,251.8,149.6,45.7,16.2,10.9,784.2,7.1,25.0,889.1
MADHYA PRADESH,ALIRAJPUR(JBA),3.9,2.2,1.7,1.7,8.3,113.9,270.8,257.0,157.3,30.8,11.0,5.0,799.0,6.1,11.7,863.6
MADHYA PRADESH,BALAGHAT,20.9,15.3,15.1,7.1,6.7,184.5,475.3,451.9,222.9,56.4,8.2,17.3,1334.6,36.2,28.9,1481.6
MADHYA PRADESH,CHHATARPUR,17.6,12.6,6.0,3.1,5.3,95.0,317.3,369.6,203.1,34.2,9.2,8.4,985.0,30.2,14.4,1081.4
MADHYA PRADESH,CHHINDWARA,17.5,14.7,17.3,8.0,8.8,146.8,283.6,278.0,174.4,43.5,16.2,12.8,882.8,32.2,34.1,1021.6
MADHYA PRADESH,JABALPUR,18.2,11.4,11.4,3.7,7.6,124.6,355.1,411.1,199.5,32.9,7.9,9.0,1090.3,29.6,22.7,1192.4
MADHYA PRADESH,MANDLA,24.7,22.6,22.8,9.6,7.5,157.4,432.2,442.5,213.7,40.4,9.0,14.6,1245.8,47.3,39.9,1397.0
MADHYA PRADESH,NARSINGHPUR,10.8,10.6,5.8,2.0,6.0,113.1,353.7,383.0,217.3,30.0,7.9,6.2,1067.1,21.4,13.8,1146.4
MADHYA PRADESH,PANNA,22.5,14.8,8.7,2.5,4.1,111.8,358.7,391.4,210.2,31.4,7.8,7.8,1072.1,37.3,15.3,1171.7
MADHYA PRADESH,REWA,18.0,13.9,10.4,3.0,4.7,121.4,307.0,326.7,216.6,31.4,8.8,6.6,971.7,31.9,18.1,1068.5
MADHYA PRADESH,SAGAR,17.8,12.2,10.0,2.3,6.9,127.7,352.6,410.0,197.8,33.3,11.5,10.1,1088.1,30.0,19.2,1192.2
MADHYA PRADESH,SATNA,23.1,15.7,9.5,3.8,4.6,120.7,305.7,333.0,193.8,32.1,8.6,5.5,953.2,38.8,17.9,1056.1
MADHYA PRADESH,SEONI,18.4,18.7,22.7,9.6,9.8,163.6,357.9,324.1,192.8,44.4,15.9,13.9,1038.4,37.1,42.1,1191.8
MADHYA PRADESH,SHAHDOL,23.5,19.1,13.1,5.0,7.7,122.6,313.8,364.2,194.1,31.5,6.2,9.1,994.7,42.6,25.8,1109.9
MADHYA PRADESH,SIDHI,20.7,14.7,11.6,3.4,9.4,129.1,323.3,332.6,231.4,35.5,8.0,7.3,1016.4,35.4,24.4,1127.0
MADHYA PRADESH,TIKAMGARH,20.1,7.1,4.5,1.8,4.9,82.8,281.9,332.8,155.7,29.4,7.4,10.1,853.2,27.2,11.2,938.5
MADHYA PRADESH,KATNI,19.9,13.7,9.1,2.2,3.3,112.2,354.4,391.1,193.6,30.9,5.0,5.7,1051.3,33.6,14.6,1141.1
MADHYA PRADESH,DINDORI,19.6,19.4,13.8,5.0,9.1,196.9,413.3,403.4,192.3,37.2,10.1,16.6,1205.9,39.0,27.9,1336.7
MADHYA PRADESH,UMARIA,26.7,21.5,16.2,7.4,7.9,124.9,339.8,415.2,214.0,38.7,9.7,13.7,1093.9,48.2,31.5,1235.7
MADHYA PRADESH,DAMOH,20.2,16.5,10.9,5.6,5.3,121.6,360.3,399.1,190.0,32.6,9.2,9.3,1071.0,36.7,21.8,1180.6
MADHYA PRADESH,ANUPPUR(SHAHD,29.5,24.8,20.5,14.7,19.9,177.6,386.3,387.2,223.7,47.0,8.1,15.2,1174.8,54.3,55.1,1354.5
MADHYA PRADESH,SINGRAULI,10.4,12.6,7.8,3.4,4.8,112.1,262.3,272.8,185.1,38.2,4.4,7.3,832.3,23.0,16.0,921.2
GUJARAT,AHMEDABAD,0.8,0.3,0.5,0.7,5.9,91.0,215.4,190.8,105.4,19.1,8.2,1.8,602.6,1.1,7.1,639.9
GUJARAT,BANASKANTHA,1.4,1.3,2.4,0.9,3.7,63.4,220.0,181.5,98.6,16.7,7.4,1.1,563.5,2.7,7.0,598.4
GUJARAT,BARODA,1.2,0.0,0.5,0.8,4.6,138.8,332.5,306.3,165.2,25.9,14.0,2.4,942.8,1.2,5.9,992.2
GUJARAT,BHARUCH,0.3,0.1,0.8,0.1,4.9,135.4,283.2,221.2,146.4,22.9,8.3,1.3,786.2,0.4,5.8,824.9
GUJARAT,VALSAD,0.7,0.1,0.5,0.0,6.3,350.5,771.8,522.1,306.9,48.0,13.8,1.0,1951.3,0.8,6.8,2021.7
GUJARAT,DANGS,1.5,1.0,1.4,3.4,12.5,258.6,749.8,588.6,364.7,66.0,13.1,2.4,1961.7,2.5,17.3,2063.0
GUJARAT,KHEDA,1.2,0.4,1.3,0.4,4.5,110.3,291.0,259.8,150.5,18.0,11.3,1.4,811.6,1.6,6.2,850.1
GUJARAT,MEHSANA,1.3,0.6,1.0,1.0,5.7,73.9,248.2,208.0,125.6,18.4,7.0,2.0,655.7,1.9,7.7,692.7
GUJARAT,PANCHMAHALS,1.0,0.1,0.7,0.3,6.0,114.5,311.5,322.6,163.5,25.2,12.1,1.8,912.1,1.1,7.0,959.3
GUJARAT,SABARKANTHA,1.1,0.6,2.3,1.4,4.5,89.1,289.0,260.8,139.8,18.5,7.3,1.9,778.7,1.7,8.2,816.3
GUJARAT,SURAT,0.0,0.1,0.9,0.1,5.4,223.4,495.7,326.6,207.9,31.7,11.5,1.4,1253.6,0.1,6.4,1304.7
GUJARAT,GANDHINAGAR,0.9,0.6,0.7,0.4,6.8,72.3,280.6,223.3,139.4,18.5,6.6,2.6,715.6,1.5,7.9,752.7
GUJARAT,NARMADA(BRC),0.5,0.0,1.1,0.2,6.0,164.4,405.2,348.6,181.6,26.4,8.1,1.6,1099.8,0.5,7.3,1143.7
GUJARAT,NAVSARI(VSD),0.6,0.1,0.8,0.0,7.2,305.3,728.9,484.8,284.3,42.1,10.8,1.5,1803.3,0.7,8.0,1866.4
GUJARAT,ANAND(KHR),1.2,0.3,1.6,0.4,3.7,119.5,277.3,261.2,130.9,19.2,16.9,2.4,788.9,1.5,5.7,834.6
GUJARAT,PATAN(MHSN),1.1,0.9,1.5,0.3,3.8,56.9,206.3,166.0,84.7,10.2,6.6,1.3,513.9,2.0,5.6,539.6
GUJARAT,DAHOD(PNML),1.8,0.2,1.3,1.0,4.5,111.0,284.6,292.0,165.7,27.8,11.0,2.7,853.3,2.0,6.8,903.6
GUJARAT,TAPI(SRT),0.0,0.0,0.8,0.1,8.1,234.8,574.5,442.7,232.9,28.0,11.0,3.1,1484.9,0.0,9.0,1536.0
GUJARAT,AMRELI,0.6,0.2,1.4,0.2,3.2,104.8,190.8,126.2,96.4,25.4,16.6,1.5,518.2,0.8,4.8,567.3
GUJARAT,BHAVNAGAR,0.5,0.3,1.2,0.1,2.9,115.5,178.8,140.0,103.4,22.2,12.4,1.0,537.7,0.8,4.2,578.3
GUJARAT,JAMNAGAR,0.6,1.0,2.7,0.3,1.5,89.1,196.6,118.0,58.7,16.8,12.0,0.7,462.4,1.6,4.5,498.0
GUJARAT,JUNAGADH,0.5,0.4,0.3,0.1,1.2,190.2,334.1,165.5,97.4,27.6,12.7,0.4,787.2,0.9,1.6,830.4
GUJARAT,KUTCH,0.6,0.7,1.7,0.2,2.8,45.1,151.5,103.9,60.8,12.5,7.7,1.3,361.3,1.3,4.7,388.8
GUJARAT,RAJKOT,0.3,0.0,0.9,0.4,2.9,96.6,216.4,144.2,82.9,22.9,10.1,1.5,540.1,0.3,4.2,579.1
GUJARAT,SURENDRANAGAR,0.2,0.0,0.1,0.3,4.7,99.7,168.8,148.1,83.2,17.5,11.3,0.7,499.8,0.2,5.1,534.6
GUJARAT,PORBANDAR,0.5,0.9,1.3,0.1,1.6,166.3,277.3,145.6,83.5,25.2,13.7,0.6,672.7,1.4,3.0,716.6
DADAR NAGAR HAVELI,DNH,0.4,0.3,0.0,0.0,7.4,385.1,884.5,655.9,391.4,38.6,10.5,0.0,2316.9,0.7,7.4,2374.1
DAMAN AND DUI,DAMAN,0.4,0.3,0.0,0.0,7.4,385.1,884.5,655.9,391.4,38.6,10.5,0.0,2316.9,0.7,7.4,2374.1
DAMAN AND DUI,DIU,0.7,0.7,0.4,0.2,0.9,167.9,281.7,133.3,63.8,32.5,14.3,0.9,646.7,1.4,1.5,697.3
MAHARASHTRA,MUMBAI CITY,1.0,1.0,0.4,1.0,18.0,539.0,785.4,508.7,309.3,77.1,12.3,4.3,2142.4,2.0,19.4,2257.5
MAHARASHTRA,RAIGAD,0.2,0.2,0.1,1.8,20.3,656.8,1209.8,852.8,398.3,114.6,19.7,4.3,3117.7,0.4,22.2,3278.9
MAHARASHTRA,RATNAGIRI,0.1,0.0,0.1,3.5,31.7,829.9,1212.7,859.2,359.7,143.1,24.9,5.7,3261.5,0.1,35.3,3470.6
MAHARASHTRA,THANE,0.2,0.3,0.3,0.7,13.9,436.4,973.7,677.8,340.4,84.5,12.4,1.5,2428.3,0.5,14.9,2542.1
MAHARASHTRA,SINDHUDURG,0.3,0.1,0.4,4.3,58.9,909.5,1100.0,706.9,305.4,142.9,30.5,10.0,3021.8,0.4,63.6,3269.2
MAHARASHTRA,MUMBAI SUB,1.0,1.0,0.4,1.0,18.0,539.0,785.4,508.7,309.3,77.1,12.3,4.3,2142.4,2.0,19.4,2257.5
GOA,NORTH GOA,0.4,0.0,0.7,9.0,94.3,949.8,1182.6,730.2,292.3,165.7,35.1,11.3,3154.9,0.4,104.0,3471.4
GOA,SOUTH GOA,0.7,0.1,0.4,6.6,81.2,866.4,1033.6,637.4,269.5,145.7,34.9,9.1,2806.9,0.8,88.2,3085.6
MAHARASHTRA,AHMEDNAGAR,0.6,1.3,3.0,5.3,21.6,104.9,101.8,91.8,139.1,73.8,22.5,7.5,437.6,1.9,29.9,573.2
MAHARASHTRA,DHULE,2.5,1.0,3.2,1.6,10.3,117.5,168.9,131.4,105.7,43.5,16.7,4.9,523.5,3.5,15.1,607.2
MAHARASHTRA,JALGAON,3.3,2.4,4.3,1.4,7.5,132.1,191.0,195.6,123.1,46.1,17.1,7.0,641.8,5.7,13.2,730.9
MAHARASHTRA,KOLHAPUR,1.0,0.8,4.6,25.9,60.2,351.5,723.7,477.2,185.2,125.0,30.4,7.3,1737.6,1.8,90.7,1992.8
MAHARASHTRA,NASHIK,1.2,0.5,1.0,4.7,15.1,154.9,315.0,259.0,183.3,68.0,22.3,4.6,912.2,1.7,20.8,1029.6
MAHARASHTRA,PUNE,0.6,0.1,1.6,7.6,27.4,156.9,312.9,225.1,166.1,87.1,24.3,6.0,861.0,0.7,36.6,1015.7
MAHARASHTRA,SANGLI,1.7,0.8,4.3,22.6,54.0,119.0,150.6,107.2,131.3,108.3,25.2,5.6,508.1,2.5,80.9,730.6
MAHARASHTRA,SATARA,0.7,0.7,3.1,14.0,36.4,150.7,254.4,175.2,143.5,95.6,29.9,8.3,723.8,1.4,53.5,912.5
MAHARASHTRA,SOLAPUR,2.7,1.5,3.4,9.2,29.8,102.7,99.8,101.6,170.1,94.5,24.6,6.6,474.2,4.2,42.4,646.5
MAHARASHTRA,NANDURBAR,1.0,0.0,0.3,1.5,9.3,137.6,301.4,243.3,146.1,37.2,10.6,2.4,828.4,1.0,11.1,890.7
MAHARASHTRA,AURANGABAD,2.5,1.6,3.1,2.8,17.1,130.4,156.3,157.9,149.6,59.2,25.0,10.7,594.2,4.1,23.0,716.2
MAHARASHTRA,BEED,2.5,2.0,3.8,7.0,19.7,128.3,136.2,137.0,167.9,71.3,22.6,10.1,569.4,4.5,30.5,708.4
MAHARASHTRA,NANDED,4.9,4.5,8.4,8.8,15.9,155.2,247.1,242.6,171.5,79.9,16.2,6.1,816.4,9.4,33.1,961.1
MAHARASHTRA,OSMANABAD,3.4,2.6,3.9,7.5,26.3,132.1,154.2,154.2,182.9,85.3,22.3,4.6,623.4,6.0,37.7,779.3
MAHARASHTRA,PARBHANI,5.8,2.9,7.9,7.5,14.4,154.6,215.3,219.9,167.4,74.4,16.9,10.0,757.2,8.7,29.8,897.0
MAHARASHTRA,LATUR,4.4,3.6,7.8,11.5,21.1,144.8,217.9,220.4,169.4,81.0,22.4,5.7,752.5,8.0,40.4,910.0
MAHARASHTRA,JALNA,3.2,2.0,4.5,2.7,17.5,139.3,165.0,159.9,142.2,61.2,24.1,8.1,606.4,5.2,24.7,729.7
MAHARASHTRA,HINGOLI,5.0,4.8,7.2,6.1,13.4,185.2,243.3,255.7,164.9,66.2,18.2,9.4,849.1,9.8,26.7,979.4
MAHARASHTRA,AKOLA,8.6,5.3,8.8,4.4,9.7,142.9,226.3,204.3,128.8,52.8,16.7,6.8,702.3,13.9,22.9,815.4
MAHARASHTRA,AMRAVATI,10.1,6.3,7.8,3.7,6.4,137.2,254.2,243.8,151.4,53.0,15.2,8.3,786.6,16.4,17.9,897.4
MAHARASHTRA,BHANDARA,15.9,13.2,17.7,10.2,11.4,168.0,376.4,391.2,201.6,61.8,13.4,11.9,1137.2,29.1,39.3,1292.7
MAHARASHTRA,BULDHANA,4.6,3.0,6.1,2.9,8.0,139.7,191.5,195.3,120.1,52.7,16.0,7.0,646.6,7.6,17.0,746.9
MAHARASHTRA,CHANDRAPUR,11.4,8.9,14.6,10.8,11.6,180.6,374.0,374.1,203.1,65.1,9.9,7.9,1131.8,20.3,37.0,1272.0
MAHARASHTRA,NAGPUR,13.7,10.9,15.9,9.7,11.0,158.0,308.9,280.6,176.4,56.9,14.3,12.1,923.9,24.6,36.6,1068.4
MAHARASHTRA,YAVATMAL,8.6,4.6,11.0,7.7,11.9,173.6,267.1,262.8,151.5,61.9,13.2,8.9,855.0,13.2,30.6,982.8
MAHARASHTRA,WARDHA,11.2,9.2,13.1,8.5,15.9,169.7,273.6,273.2,163.8,57.9,15.1,15.8,880.3,20.4,37.5,1027.0
MAHARASHTRA,GADCHIROLI,9.6,7.6,14.0,12.2,17.0,209.2,454.0,441.4,198.4,68.8,11.2,6.4,1303.0,17.2,43.2,1449.8
MAHARASHTRA,WASHIM,9.0,5.7,7.5,4.9,8.3,173.0,245.4,250.4,156.8,61.0,11.5,7.4,825.6,14.7,20.7,940.9
MAHARASHTRA,GONDIA,15.2,11.2,16.3,9.1,8.4,174.1,418.1,424.3,212.3,58.9,10.7,12.1,1228.8,26.4,33.8,1370.7
CHATISGARH,BASTAR,8.2,8.6,16.2,36.7,38.6,203.8,350.9,373.9,225.6,81.4,12.4,6.3,1154.2,16.8,91.5,1362.6
CHATISGARH,BILASPUR,17.4,17.2,17.9,15.0,18.1,171.1,357.9,336.3,202.5,54.8,9.4,11.4,1067.8,34.6,51.0,1229.0
CHATISGARH,DURG,6.4,5.7,12.3,7.0,9.3,173.0,325.6,320.7,198.7,56.5,4.7,3.0,1018.0,12.1,28.6,1122.9
CHATISGARH,RAIGARH,11.0,12.8,11.6,11.4,18.3,179.8,373.2,356.9,233.6,49.5,6.6,5.2,1143.5,23.8,41.3,1269.9
CHATISGARH,RAIPUR,6.5,8.5,12.3,9.2,16.5,170.3,352.9,327.1,196.7,52.6,7.4,4.6,1047.0,15.0,38.0,1164.6
CHATISGARH,SURGUJA,18.7,15.1,13.6,8.5,14.5,198.5,393.7,379.2,223.7,50.7,9.2,6.5,1195.1,33.8,36.6,1331.9
CHATISGARH,RAJNANDGAON,9.0,9.2,12.6,7.8,15.5,169.3,351.6,341.1,214.6,60.9,8.4,9.3,1076.6,18.2,35.9,1209.3
CHATISGARH,DANTEWADA,2.6,0.8,4.5,14.7,21.9,180.5,407.9,381.0,208.7,93.2,10.8,1.3,1178.1,3.4,41.1,1327.9
CHATISGARH,KANKER (NORH,7.9,11.1,14.8,18.1,19.9,191.7,392.5,423.4,229.1,73.7,8.3,4.7,1236.7,19.0,52.8,1395.2
CHATISGARH,JANJGIR-CHAMP,13.1,12.1,14.2,7.0,11.3,167.6,394.1,417.2,223.0,44.1,5.2,6.9,1201.9,25.2,32.5,1315.8
CHATISGARH,KORBA,17.2,15.4,15.8,12.4,12.2,183.2,409.8,434.7,215.8,47.1,14.2,7.7,1243.5,32.6,40.4,1385.5
CHATISGARH,JASHPUR,19.6,21.2,13.8,17.9,31.6,245.2,428.6,417.4,257.4,75.5,9.0,7.2,1348.6,40.8,63.3,1544.4
CHATISGARH,DHAMTARI,3.9,9.0,11.4,11.3,17.2,157.9,357.8,326.6,208.3,57.8,4.2,3.2,1050.6,12.9,39.9,1168.6
CHATISGARH,MAHASAMUND,3.7,7.8,12.2,5.6,10.4,171.8,332.4,339.9,199.9,49.8,5.3,2.5,1044.0,11.5,28.2,1141.3
CHATISGARH,KORIYA,15.9,7.2,9.8,4.3,5.8,159.7,389.1,382.8,207.3,29.2,6.4,5.9,1138.9,23.1,19.9,1223.4
CHATISGARH,KOWARDHA (KAB,12.6,13.9,14.0,7.6,16.7,141.9,281.2,286.1,173.7,58.9,11.1,11.6,882.9,26.5,38.3,1029.3
CHATISGARH,NARAYANPUR,6.9,8.7,14.7,22.7,24.5,189.3,399.9,425.7,212.5,84.7,10.9,4.0,1227.4,15.6,61.9,1404.5
CHATISGARH,BIJAPUR,6.2,4.2,11.9,18.9,12.4,195.9,458.2,486.1,228.9,92.8,9.4,3.3,1369.1,10.4,43.2,1528.2
ANDHRA PRADESH,EAST GODAVARI,6.0,10.1,11.3,22.8,75.3,131.9,206.4,188.4,177.2,199.0,69.8,7.8,703.9,16.1,109.4,1106.0
ANDHRA PRADESH,WEST GODAVARI,6.1,10.7,8.7,19.0,55.8,135.8,240.2,227.8,180.1,197.8,66.7,11.7,783.9,16.8,83.5,1160.4
ANDHRA PRADESH,GUNTUR,5.5,7.7,7.7,15.0,58.4,90.2,147.3,155.4,150.1,143.9,75.8,14.5,543.0,13.2,81.1,871.5
ANDHRA PRADESH,KRISHNA,4.6,6.3,8.7,16.9,46.8,120.9,216.6,194.2,169.7,164.2,66.1,12.1,701.4,10.9,72.4,1027.1
ANDHRA PRADESH,NELLORE,15.7,11.6,6.0,15.2,51.4,53.4,91.2,95.0,112.8,248.2,283.9,107.2,352.4,27.3,72.6,1091.6
ANDHRA PRADESH,PRAKASAM,7.9,8.8,10.5,14.9,52.3,64.3,99.3,95.9,123.0,181.9,115.0,32.1,382.5,16.7,77.7,805.9
ANDHRA PRADESH,SRIKAKULAM,7.9,18.1,17.2,26.3,63.9,145.0,190.2,202.4,208.1,211.4,69.8,4.9,745.7,26.0,107.4,1165.2
ANDHRA PRADESH,VISAKHAPATNAM,8.8,10.8,17.6,44.7,96.6,132.6,178.2,178.2,185.4,204.3,59.2,4.3,674.4,19.6,158.9,1120.7
ANDHRA PRADESH,VIZIANAGARAM,8.7,14.4,17.7,32.3,90.7,140.7,181.5,194.8,209.1,188.1,56.3,6.1,726.1,23.1,140.7,1140.4
ANDHRA PRADESH,ADILABAD,7.5,7.0,11.4,11.9,18.2,178.4,317.4,291.7,171.4,83.0,14.8,7.3,958.9,14.5,41.5,1120.0
ANDHRA PRADESH,HYDERABAD,5.9,7.4,14.6,20.4,33.8,110.7,176.8,190.5,165.5,95.6,23.7,6.4,643.5,13.3,68.8,851.3
ANDHRA PRADESH,KARIMNAGAR,10.8,5.6,10.8,15.7,24.0,153.2,257.3,226.7,163.1,85.9,20.8,5.9,800.3,16.4,50.5,979.8
ANDHRA PRADESH,KHAMMAM,4.5,7.1,10.6,23.8,52.6,150.3,282.8,256.4,170.9,106.9,24.5,4.5,860.4,11.6,87.0,1094.9
ANDHRA PRADESH,MAHABUBNAGAR,1.8,2.9,5.6,16.6,34.1,91.1,161.6,158.2,148.8,85.4,21.2,3.8,559.7,4.7,56.3,731.1
ANDHRA PRADESH,MEDAK,6.5,4.9,9.5,18.8,28.0,138.2,229.4,211.1,165.2,86.6,19.3,4.8,743.9,11.4,56.3,922.3
ANDHRA PRADESH,NALGONDA,4.1,4.3,9.2,15.1,28.7,103.2,154.7,147.2,149.6,105.8,32.0,6.6,554.7,8.4,53.0,760.5
ANDHRA PRADESH,NIZAMABAD,7.9,4.4,8.8,12.3,24.5,161.3,289.4,296.5,172.9,91.3,17.1,5.5,920.1,12.3,45.6,1091.9
ANDHRA PRADESH,WARANGAL,8.3,7.8,12.3,14.2,28.7,147.6,271.2,222.3,155.5,88.9,22.9,7.2,796.6,16.1,55.2,986.9
ANDHRA PRADESH,RANGAREDDY,3.1,4.0,7.4,21.1,34.6,109.4,190.6,176.5,177.2,94.5,19.1,4.3,653.7,7.1,63.1,841.8
ANDHRA PRADESH,ANANTAPUR,3.0,3.3,6.1,18.9,56.7,55.2,64.3,74.5,128.8,115.0,35.3,11.6,322.8,6.3,81.7,572.7
ANDHRA PRADESH,CHITTOOR,7.7,7.6,10.1,25.6,67.2,66.8,100.1,110.2,140.0,167.2,137.3,58.4,417.1,15.3,102.9,898.2
ANDHRA PRADESH,KUDDAPAH,1.9,2.4,4.7,17.3,47.6,69.8,101.1,108.6,124.6,137.3,77.2,24.4,404.1,4.3,69.6,716.9
ANDHRA PRADESH,KURNOOL,1.2,1.9,5.7,18.3,51.7,80.5,115.8,124.3,139.6,105.6,28.4,6.6,460.2,3.1,75.7,679.6
TAMIL NADU,VELLORE,8.1,6.8,9.2,22.3,75.0,65.9,107.3,129.0,163.9,163.2,127.2,58.3,466.1,14.9,106.5,936.2
TAMIL NADU,COIMBATORE,8.1,12.2,17.2,53.4,79.7,32.9,47.2,40.6,69.1,151.9,129.6,47.4,189.8,20.3,150.3,689.3
TAMIL NADU,DHARMAPURI,8.0,10.2,15.9,41.7,102.8,53.6,77.9,99.3,162.6,180.5,103.3,46.3,393.4,18.2,160.4,902.1
TAMIL NADU,KANYAKUMARI,18.4,22.0,42.5,104.3,141.5,186.1,112.5,76.7,102.1,226.3,208.6,61.5,477.4,40.4,288.3,1302.5
TAMIL NADU,CHENNAI,22.1,14.6,3.0,12.0,43.5,64.1,108.6,147.9,118.5,266.5,367.8,155.6,439.1,36.7,58.5,1324.2
TAMIL NADU,MADURAI,13.6,14.5,20.6,57.8,66.4,48.7,66.6,87.3,133.3,206.2,151.3,61.6,335.9,28.1,144.8,927.9
TAMIL NADU,NILGIRIS,23.1,26.2,35.6,82.4,117.3,169.8,260.8,180.9,148.4,217.9,181.2,79.1,759.9,49.3,235.3,1522.7
TAMIL NADU,RAMANATHAPURA,33.0,18.3,23.5,53.0,39.0,16.9,30.1,44.2,58.1,182.4,187.2,122.1,149.3,51.3,115.5,807.8
TAMIL NADU,SALEM,8.5,7.5,16.0,54.0,100.8,65.1,96.4,119.6,159.5,190.9,123.8,55.8,440.6,16.0,170.8,997.9
TAMIL NADU,THANJAVUR,26.9,15.4,17.3,30.5,54.3,39.8,65.0,101.8,111.8,183.8,219.2,147.3,318.4,42.3,102.1,1013.1
TAMIL NADU,TIRUCHIRAPPAL,13.6,9.1,11.8,38.4,59.7,31.5,53.2,73.8,135.4,173.2,139.9,78.4,293.9,22.7,109.9,818.0
TAMIL NADU,TIRUNELVELI,35.4,33.9,48.1,70.4,47.7,37.9,39.5,26.8,38.2,157.5,210.1,99.6,142.4,69.3,166.2,845.1
TAMIL NADU,ERODE,6.6,9.5,16.8,44.5,81.1,27.5,38.9,57.6,105.8,158.9,110.5,45.2,229.8,16.1,142.4,702.9
TAMIL NADU,PUDUKKOTTAI,23.2,9.9,13.5,34.2,49.8,44.6,79.3,109.0,117.7,158.0,147.1,101.1,350.6,33.1,97.5,887.4
TAMIL NADU,DINDIGUL,19.0,11.9,22.4,62.6,83.0,41.2,55.9,70.5,127.8,188.1,159.0,89.3,295.4,30.9,168.0,930.7
TAMIL NADU,VIRUDHUNAGAR,18.8,24.0,28.8,67.5,65.2,22.1,35.8,51.4,87.5,180.7,172.7,65.6,196.8,42.8,161.5,820.1
TAMIL NADU,SIVAGANGA,15.6,12.3,17.5,46.1,57.6,41.9,72.0,88.2,98.9,187.1,148.5,87.1,301.0,27.9,121.2,872.8
TAMIL NADU,THOOTHUKUDI,24.6,18.2,29.1,51.5,31.0,7.1,15.9,15.8,36.1,151.3,185.4,90.3,74.9,42.8,111.6,656.3
TAMIL NADU,TIRUVANNAMALA,14.7,11.8,11.4,19.3,68.2,62.4,96.0,142.3,167.4,194.2,170.2,82.1,468.1,26.5,98.9,1040.0
TAMIL NADU,NAGAPATTINAM,62.6,23.1,18.5,24.0,38.0,36.8,59.9,93.0,96.4,241.2,411.7,288.1,286.1,85.7,80.5,1393.3
TAMIL NADU,VILUPPURAM,18.5,9.7,9.3,16.3,50.4,48.9,83.9,130.2,145.3,186.5,195.1,117.5,408.3,28.2,76.0,1011.6
TAMIL NADU,CUDDALORE,27.9,16.2,14.6,17.0,50.1,47.3,75.1,129.2,131.5,220.2,295.3,182.3,383.1,44.1,81.7,1206.7
TAMIL NADU,KANCHIPURAM,17.3,11.8,3.3,16.4,46.3,68.4,109.5,164.1,148.8,225.8,283.0,133.0,490.8,29.1,66.0,1227.7
TAMIL NADU,TIRUVALLUR,18.0,13.5,5.1,13.7,48.4,68.6,110.3,135.4,137.3,211.0,261.3,117.0,451.6,31.5,67.2,1139.6
TAMIL NADU,THENI,16.0,19.4,35.4,73.4,59.5,22.0,32.6,33.3,70.5,167.7,139.0,51.2,158.4,35.4,168.3,720.0
TAMIL NADU,NAMAKKAL,6.5,7.4,12.7,44.1,91.8,44.0,68.0,97.4,129.9,156.8,98.8,36.0,339.3,13.9,148.6,793.4
TAMIL NADU,KARUR,9.7,7.8,10.4,38.0,60.8,19.8,35.7,51.8,106.3,144.6,119.1,51.0,213.6,17.5,109.2,655.0
TAMIL NADU,PERAMBALUR,13.1,8.3,12.7,30.8,65.4,32.6,50.3,81.9,125.9,191.0,155.0,94.9,290.7,21.4,108.9,861.9
TAMIL NADU,TIRUVARUR,40.9,19.2,17.2,33.7,46.8,33.4,64.0,94.0,105.0,200.3,304.0,214.8,296.4,60.1,97.7,1173.3
TAMIL NADU,KRISHNAGIRI,4.9,5.8,12.3,39.9,99.4,55.9,75.4,96.4,171.3,176.9,77.9,34.6,399.0,10.7,151.6,850.7
TAMIL NADU,ARIYALUR,21.2,11.3,13.1,21.9,66.8,51.5,72.7,129.2,138.6,193.4,205.2,146.9,392.0,32.5,101.8,1071.8
TAMIL NADU,TIRUPUR,7.1,6.9,13.4,48.0,73.7,22.0,27.1,31.7,74.0,147.7,120.0,46.6,154.8,14.0,135.1,618.2
PONDICHERRY,PONDICHERRY,17.9,19.6,16.6,10.7,43.6,46.9,84.3,127.8,126.0,270.7,368.5,203.9,385.0,37.5,70.9,1336.5
PONDICHERRY,KARAIKAL,53.3,42.9,17.1,17.0,32.5,50.0,59.2,82.3,101.6,275.7,475.1,297.7,293.1,96.2,66.6,1504.4
PONDICHERRY,MAHE,17.9,19.6,16.6,10.7,43.6,46.9,84.3,127.8,126.0,270.7,368.5,203.9,385.0,37.5,70.9,1336.5
PONDICHERRY,YANAM,17.9,19.6,16.6,10.7,43.6,46.9,84.3,127.8,126.0,270.7,368.5,203.9,385.0,37.5,70.9,1336.5
KARNATAKA,UTTAR KANNADA,0.3,0.1,2.7,22.1,114.0,740.9,1053.8,667.7,258.5,155.1,44.1,11.2,2720.9,0.4,138.8,3070.5
KARNATAKA,DAKSHIN KANDA,1.9,0.7,6.4,39.8,180.9,977.2,1227.2,833.6,313.6,236.9,82.0,15.6,3351.6,2.6,227.1,3915.8
KARNATAKA,UDUPI,1.4,0.4,4.1,29.4,193.8,1081.0,1371.6,902.2,404.9,223.8,74.6,18.8,3759.7,1.8,227.3,4306.0
KARNATAKA,BELGAM,0.7,0.9,6.2,30.2,74.8,130.4,204.0,126.7,113.0,116.6,30.6,5.1,574.1,1.6,111.2,839.2
KARNATAKA,BIDAR,5.9,6.1,10.1,21.7,31.4,137.1,190.7,196.6,170.5,93.5,20.9,6.2,694.9,12.0,63.2,890.7
KARNATAKA,BIJAPUR,2.4,2.7,5.2,20.1,46.5,94.5,91.8,91.3,158.4,111.7,24.9,6.9,436.0,5.1,71.8,656.4
KARNATAKA,DHARWAD,2.3,3.2,6.9,46.6,82.5,113.8,149.1,101.6,119.5,120.4,39.6,6.2,484.0,5.5,136.0,791.7
KARNATAKA,GULBARGA,4.3,2.9,6.2,19.7,36.4,112.8,156.1,167.6,184.0,105.3,20.8,4.5,620.5,7.2,62.3,820.6
KARNATAKA,YADGIR,4.4,3.6,5.2,20.5,36.8,116.8,153.0,161.2,179.8,123.4,24.5,5.3,610.8,8.0,62.5,834.5
KARNATAKA,RAICHUR,1.4,2.0,4.1,17.7,40.5,81.7,110.2,122.2,147.5,110.5,21.4,5.9,461.6,3.4,62.3,665.1
KARNATAKA,BAGALKOTE,1.8,1.5,4.5,23.5,57.3,80.1,73.6,72.5,137.1,112.8,25.3,7.0,363.3,3.3,85.3,597.0
KARNATAKA,GADAG,1.2,1.0,3.9,33.5,71.7,85.1,70.4,75.3,137.5,121.1,33.0,7.5,368.3,2.2,109.1,641.2
KARNATAKA,HAVERI,0.3,0.5,4.0,43.6,78.5,114.7,169.8,111.1,99.5,119.0,43.9,7.0,495.1,0.8,126.1,791.9
KARNATAKA,KOPPAL,1.2,0.4,2.5,19.2,50.5,72.2,75.6,89.1,145.7,108.1,25.8,8.0,382.6,1.6,72.2,598.3
KARNATAKA,BANGALORE RUR,1.7,5.8,7.6,36.2,93.1,71.2,91.7,118.1,170.9,171.8,55.4,13.5,451.9,7.5,136.9,837.0
KARNATAKA,BELLARY,1.4,1.4,2.9,26.2,57.9,72.4,77.0,89.3,137.3,116.3,31.1,9.6,376.0,2.8,87.0,622.8
KARNATAKA,CHIKMAGALUR,1.6,2.0,12.0,60.2,105.9,395.0,662.1,425.0,175.2,167.4,58.8,12.3,1657.3,3.6,178.1,2077.5
KARNATAKA,CHITRADURGA,1.4,1.2,4.4,25.8,64.9,50.5,56.1,58.9,105.5,116.4,33.8,8.8,271.0,2.6,95.1,527.7
KARNATAKA,KODAGU,3.5,4.2,18.5,89.8,152.7,542.2,884.4,543.9,211.4,201.7,71.6,17.5,2181.9,7.7,261.0,2741.4
KARNATAKA,HASSAN,1.3,2.5,10.7,55.1,102.2,125.0,203.8,130.0,115.5,156.0,54.1,10.9,574.3,3.8,168.0,967.1
KARNATAKA,KOLAR,2.7,4.5,10.4,27.8,74.4,63.3,76.4,91.2,151.8,148.2,58.8,21.6,382.7,7.2,112.6,731.1
KARNATAKA,MANDYA,1.9,3.6,7.6,45.3,105.1,48.7,49.3,58.9,128.2,153.1,47.0,14.0,285.1,5.5,158.0,662.7
KARNATAKA,MYSORE,2.5,3.5,11.4,58.7,124.6,79.7,92.4,64.8,106.7,152.4,48.8,13.1,343.6,6.0,194.7,758.6
KARNATAKA,SHIMOGA,0.5,0.4,6.3,38.0,78.3,346.8,624.3,403.8,139.1,137.5,44.6,8.3,1514.0,0.9,122.6,1827.9
KARNATAKA,TUMKUR,2.4,3.0,7.1,34.0,87.1,61.5,69.7,79.5,148.5,148.9,46.7,10.1,359.2,5.4,128.2,698.5
KARNATAKA,BANGALORE URB,2.3,6.7,8.2,39.2,106.3,73.9,91.6,128.9,181.3,159.7,53.9,18.0,475.7,9.0,153.7,870.0
KARNATAKA,CHAMARAJANAGA,3.4,6.0,13.2,69.2,131.2,61.8,68.7,66.0,124.1,157.8,62.7,24.3,320.6,9.4,213.6,788.4
KARNATAKA,DAVANGERE,1.1,0.8,4.2,35.0,74.0,78.7,102.9,87.0,116.3,124.4,44.9,7.4,384.9,1.9,113.2,676.7
KARNATAKA,RAMNAGAR(BNGR),1.5,4.7,10.2,47.9,122.3,73.1,84.5,108.8,187.6,174.1,54.0,15.0,454.0,6.2,180.4,883.7
KARNATAKA,CHICKBALLAPUR,2.1,4.6,8.2,27.2,69.4,64.3,89.2,104.9,153.4,156.8,52.9,15.5,411.8,6.7,104.8,748.5
KERALA,ALAPPUZHA,17.5,27.9,45.1,134.0,298.7,593.0,533.0,343.1,276.8,332.9,187.6,51.6,1745.9,45.4,477.8,2841.2
KERALA,CANNUR,2.5,2.0,7.6,57.9,235.0,852.4,1055.0,540.9,220.7,229.4,91.6,24.1,2669.0,4.5,300.5,3319.1
KERALA,ERNAKULAM,13.2,18.8,31.2,112.0,300.4,696.4,670.2,401.3,297.1,299.9,145.0,44.4,2065.0,32.0,443.6,3029.9
KERALA,KOTTAYAM,13.0,24.9,42.3,136.1,281.8,649.1,591.4,386.0,270.8,316.6,177.4,41.1,1897.3,37.9,460.2,2930.5
KERALA,KOZHIKODE,2.3,3.9,15.1,80.9,256.6,895.8,955.2,500.9,251.2,262.1,130.1,30.0,2603.1,6.2,352.6,3384.1
KERALA,MALAPPURAM,1.7,3.9,12.7,86.8,221.3,660.9,792.9,395.3,211.3,290.4,135.1,22.8,2060.4,5.6,320.8,2835.1
KERALA,PALAKKAD,2.9,6.5,22.5,98.7,158.7,464.3,595.4,333.8,179.2,263.8,138.6,25.6,1572.7,9.4,279.9,2290.0
KERALA,KOLLAM,17.5,33.7,62.6,158.5,248.5,457.7,398.0,258.7,217.9,362.7,221.4,54.5,1332.3,51.2,469.6,2491.7
KERALA,THRISSUR,3.4,7.5,17.0,79.2,289.1,707.4,772.9,440.1,277.1,296.3,138.1,35.0,2197.5,10.9,385.3,3063.1
KERALA,THIRUVANANTHA,19.3,21.1,35.5,116.7,216.6,338.7,228.9,142.0,161.7,268.0,192.0,62.7,871.3,40.4,368.8,1803.2
KERALA,IDUKKI,13.4,22.1,43.6,150.4,232.6,651.6,788.9,527.3,308.4,343.2,172.9,48.1,2276.2,35.5,426.6,3302.5
KERALA,KASARGOD,2.3,1.0,8.4,46.9,217.6,999.6,1108.5,636.3,263.1,234.9,84.6,18.4,3007.5,3.3,272.9,3621.6
KERALA,PATHANAMTHITTA,19.8,45.2,73.9,184.9,294.7,556.9,539.9,352.7,266.2,359.4,213.5,51.3,1715.7,65.0,553.5,2958.4
KERALA,WAYANAD,4.8,8.3,17.5,83.3,174.6,698.1,1110.4,592.9,230.7,213.1,93.6,25.8,2632.1,13.1,275.4,3253.1
LAKSHADWEEP,LAKSHADWEEP,20.8,14.7,11.8,48.9,171.7,330.2,287.7,217.5,163.1,157.1,117.7,58.8,998.5,35.5,232.4,1600.0
